ISO-10303-21;
HEADER;
/* Generated by software containing ST-Developer
 * from STEP Tools, Inc. (www.steptools.com) 
 */

FILE_DESCRIPTION(
/* description */ ('KiCad electronic assembly'),
/* implementation_level */ '2;1');

FILE_NAME(
/* name */ 'esphome-sensor-pcb-cover.step',
/* time_stamp */ '2026-05-04T17:42:23+10:00',
/* author */ (''),
/* organization */ (''),
/* preprocessor_version */ 'ST-DEVELOPER v20.1',
/* originating_system */ 'Autodesk Translation Framework v15.8.0.0',
/* authorisation */ '');

FILE_SCHEMA (('AUTOMOTIVE_DESIGN { 1 0 10303 214 3 1 1 }'));
ENDSEC;

DATA;
#10=MECHANICAL_DESIGN_GEOMETRIC_PRESENTATION_REPRESENTATION('',(#77,#78,
#79,#80,#81,#82),#3072);
#11=SHAPE_REPRESENTATION_RELATIONSHIP('SRR','None',#3078,#12);
#12=ADVANCED_BREP_SHAPE_REPRESENTATION('',(#83,#84,#85,#86,#87,#88),#3071);
#13=B_SPLINE_CURVE_WITH_KNOTS('',2,(#3047,#3048,#3049),.UNSPECIFIED.,.F.,
 .F.,(3,3),(0.,1.),.UNSPECIFIED.);
#14=B_SPLINE_CURVE_WITH_KNOTS('',2,(#3051,#3052,#3053),.UNSPECIFIED.,.F.,
 .F.,(3,3),(0.,1.),.UNSPECIFIED.);
#15=B_SPLINE_CURVE_WITH_KNOTS('',2,(#3061,#3062,#3063),.UNSPECIFIED.,.F.,
 .F.,(3,3),(0.,1.),.UNSPECIFIED.);
#16=B_SPLINE_CURVE_WITH_KNOTS('',2,(#3064,#3065,#3066),.UNSPECIFIED.,.F.,
 .F.,(3,3),(0.,1.),.UNSPECIFIED.);
#17=B_SPLINE_SURFACE_WITH_KNOTS('',2,1,((#3040,#3041),(#3042,#3043),(#3044,
#3045)),.UNSPECIFIED.,.F.,.F.,.F.,(3,3),(2,2),(0.,1.),(0.,0.08),
 .UNSPECIFIED.);
#18=B_SPLINE_SURFACE_WITH_KNOTS('',2,1,((#3055,#3056),(#3057,#3058),(#3059,
#3060)),.UNSPECIFIED.,.F.,.F.,.F.,(3,3),(2,2),(0.,1.),(0.,0.08),
 .UNSPECIFIED.);
#19=(
BOUNDED_CURVE()
B_SPLINE_CURVE(3,(#2358,#2359,#2360,#2361),.UNSPECIFIED.,.F.,.F.)
B_SPLINE_CURVE_WITH_KNOTS((4,4),(0.,1.),.UNSPECIFIED.)
CURVE()
GEOMETRIC_REPRESENTATION_ITEM()
RATIONAL_B_SPLINE_CURVE((1.,1.,1.,1.))
REPRESENTATION_ITEM('')
);
#20=(
BOUNDED_CURVE()
B_SPLINE_CURVE(3,(#2363,#2364,#2365,#2366),.UNSPECIFIED.,.F.,.F.)
B_SPLINE_CURVE_WITH_KNOTS((4,4),(0.,1.),.UNSPECIFIED.)
CURVE()
GEOMETRIC_REPRESENTATION_ITEM()
RATIONAL_B_SPLINE_CURVE((1.,1.,1.,1.))
REPRESENTATION_ITEM('')
);
#21=(
BOUNDED_CURVE()
B_SPLINE_CURVE(3,(#2395,#2396,#2397,#2398),.UNSPECIFIED.,.F.,.F.)
B_SPLINE_CURVE_WITH_KNOTS((4,4),(0.,1.),.UNSPECIFIED.)
CURVE()
GEOMETRIC_REPRESENTATION_ITEM()
RATIONAL_B_SPLINE_CURVE((1.,1.,1.,1.))
REPRESENTATION_ITEM('')
);
#22=(
BOUNDED_CURVE()
B_SPLINE_CURVE(3,(#2400,#2401,#2402,#2403),.UNSPECIFIED.,.F.,.F.)
B_SPLINE_CURVE_WITH_KNOTS((4,4),(0.,1.),.UNSPECIFIED.)
CURVE()
GEOMETRIC_REPRESENTATION_ITEM()
RATIONAL_B_SPLINE_CURVE((1.,1.,1.,1.))
REPRESENTATION_ITEM('')
);
#23=(
BOUNDED_CURVE()
B_SPLINE_CURVE(3,(#2414,#2415,#2416,#2417),.UNSPECIFIED.,.F.,.F.)
B_SPLINE_CURVE_WITH_KNOTS((4,4),(0.,1.),.UNSPECIFIED.)
CURVE()
GEOMETRIC_REPRESENTATION_ITEM()
RATIONAL_B_SPLINE_CURVE((1.,1.,1.,1.))
REPRESENTATION_ITEM('')
);
#24=(
BOUNDED_CURVE()
B_SPLINE_CURVE(3,(#2419,#2420,#2421,#2422),.UNSPECIFIED.,.F.,.F.)
B_SPLINE_CURVE_WITH_KNOTS((4,4),(0.,1.),.UNSPECIFIED.)
CURVE()
GEOMETRIC_REPRESENTATION_ITEM()
RATIONAL_B_SPLINE_CURVE((1.,1.,1.,1.))
REPRESENTATION_ITEM('')
);
#25=(
BOUNDED_CURVE()
B_SPLINE_CURVE(3,(#2433,#2434,#2435,#2436),.UNSPECIFIED.,.F.,.F.)
B_SPLINE_CURVE_WITH_KNOTS((4,4),(0.,1.),.UNSPECIFIED.)
CURVE()
GEOMETRIC_REPRESENTATION_ITEM()
RATIONAL_B_SPLINE_CURVE((1.,1.,1.,1.))
REPRESENTATION_ITEM('')
);
#26=(
BOUNDED_CURVE()
B_SPLINE_CURVE(3,(#2438,#2439,#2440,#2441),.UNSPECIFIED.,.F.,.F.)
B_SPLINE_CURVE_WITH_KNOTS((4,4),(0.,1.),.UNSPECIFIED.)
CURVE()
GEOMETRIC_REPRESENTATION_ITEM()
RATIONAL_B_SPLINE_CURVE((1.,1.,1.,1.))
REPRESENTATION_ITEM('')
);
#27=(
BOUNDED_CURVE()
B_SPLINE_CURVE(3,(#2452,#2453,#2454,#2455),.UNSPECIFIED.,.F.,.F.)
B_SPLINE_CURVE_WITH_KNOTS((4,4),(0.,1.),.UNSPECIFIED.)
CURVE()
GEOMETRIC_REPRESENTATION_ITEM()
RATIONAL_B_SPLINE_CURVE((1.,1.,1.,1.))
REPRESENTATION_ITEM('')
);
#28=(
BOUNDED_CURVE()
B_SPLINE_CURVE(3,(#2457,#2458,#2459,#2460),.UNSPECIFIED.,.F.,.F.)
B_SPLINE_CURVE_WITH_KNOTS((4,4),(0.,1.),.UNSPECIFIED.)
CURVE()
GEOMETRIC_REPRESENTATION_ITEM()
RATIONAL_B_SPLINE_CURVE((1.,1.,1.,1.))
REPRESENTATION_ITEM('')
);
#29=(
BOUNDED_CURVE()
B_SPLINE_CURVE(3,(#2471,#2472,#2473,#2474),.UNSPECIFIED.,.F.,.F.)
B_SPLINE_CURVE_WITH_KNOTS((4,4),(0.,1.),.UNSPECIFIED.)
CURVE()
GEOMETRIC_REPRESENTATION_ITEM()
RATIONAL_B_SPLINE_CURVE((1.,1.,1.,1.))
REPRESENTATION_ITEM('')
);
#30=(
BOUNDED_CURVE()
B_SPLINE_CURVE(3,(#2476,#2477,#2478,#2479),.UNSPECIFIED.,.F.,.F.)
B_SPLINE_CURVE_WITH_KNOTS((4,4),(0.,1.),.UNSPECIFIED.)
CURVE()
GEOMETRIC_REPRESENTATION_ITEM()
RATIONAL_B_SPLINE_CURVE((1.,1.,1.,1.))
REPRESENTATION_ITEM('')
);
#31=(
BOUNDED_CURVE()
B_SPLINE_CURVE(3,(#2502,#2503,#2504,#2505),.UNSPECIFIED.,.F.,.F.)
B_SPLINE_CURVE_WITH_KNOTS((4,4),(0.,1.),.UNSPECIFIED.)
CURVE()
GEOMETRIC_REPRESENTATION_ITEM()
RATIONAL_B_SPLINE_CURVE((1.,1.,1.,1.))
REPRESENTATION_ITEM('')
);
#32=(
BOUNDED_CURVE()
B_SPLINE_CURVE(3,(#2507,#2508,#2509,#2510),.UNSPECIFIED.,.F.,.F.)
B_SPLINE_CURVE_WITH_KNOTS((4,4),(0.,1.),.UNSPECIFIED.)
CURVE()
GEOMETRIC_REPRESENTATION_ITEM()
RATIONAL_B_SPLINE_CURVE((1.,1.,1.,1.))
REPRESENTATION_ITEM('')
);
#33=(
BOUNDED_CURVE()
B_SPLINE_CURVE(3,(#2521,#2522,#2523,#2524),.UNSPECIFIED.,.F.,.F.)
B_SPLINE_CURVE_WITH_KNOTS((4,4),(0.,1.),.UNSPECIFIED.)
CURVE()
GEOMETRIC_REPRESENTATION_ITEM()
RATIONAL_B_SPLINE_CURVE((1.,1.,1.,1.))
REPRESENTATION_ITEM('')
);
#34=(
BOUNDED_CURVE()
B_SPLINE_CURVE(3,(#2526,#2527,#2528,#2529),.UNSPECIFIED.,.F.,.F.)
B_SPLINE_CURVE_WITH_KNOTS((4,4),(0.,1.),.UNSPECIFIED.)
CURVE()
GEOMETRIC_REPRESENTATION_ITEM()
RATIONAL_B_SPLINE_CURVE((1.,1.,1.,1.))
REPRESENTATION_ITEM('')
);
#35=(
BOUNDED_CURVE()
B_SPLINE_CURVE(3,(#2540,#2541,#2542,#2543),.UNSPECIFIED.,.F.,.F.)
B_SPLINE_CURVE_WITH_KNOTS((4,4),(0.,1.),.UNSPECIFIED.)
CURVE()
GEOMETRIC_REPRESENTATION_ITEM()
RATIONAL_B_SPLINE_CURVE((1.,1.,1.,1.))
REPRESENTATION_ITEM('')
);
#36=(
BOUNDED_CURVE()
B_SPLINE_CURVE(3,(#2545,#2546,#2547,#2548),.UNSPECIFIED.,.F.,.F.)
B_SPLINE_CURVE_WITH_KNOTS((4,4),(0.,1.),.UNSPECIFIED.)
CURVE()
GEOMETRIC_REPRESENTATION_ITEM()
RATIONAL_B_SPLINE_CURVE((1.,1.,1.,1.))
REPRESENTATION_ITEM('')
);
#37=(
BOUNDED_CURVE()
B_SPLINE_CURVE(3,(#2559,#2560,#2561,#2562),.UNSPECIFIED.,.F.,.F.)
B_SPLINE_CURVE_WITH_KNOTS((4,4),(0.,1.),.UNSPECIFIED.)
CURVE()
GEOMETRIC_REPRESENTATION_ITEM()
RATIONAL_B_SPLINE_CURVE((1.,1.,1.,1.))
REPRESENTATION_ITEM('')
);
#38=(
BOUNDED_CURVE()
B_SPLINE_CURVE(3,(#2564,#2565,#2566,#2567),.UNSPECIFIED.,.F.,.F.)
B_SPLINE_CURVE_WITH_KNOTS((4,4),(0.,1.),.UNSPECIFIED.)
CURVE()
GEOMETRIC_REPRESENTATION_ITEM()
RATIONAL_B_SPLINE_CURVE((1.,1.,1.,1.))
REPRESENTATION_ITEM('')
);
#39=(
BOUNDED_CURVE()
B_SPLINE_CURVE(3,(#2590,#2591,#2592,#2593),.UNSPECIFIED.,.F.,.F.)
B_SPLINE_CURVE_WITH_KNOTS((4,4),(0.,1.),.UNSPECIFIED.)
CURVE()
GEOMETRIC_REPRESENTATION_ITEM()
RATIONAL_B_SPLINE_CURVE((1.,1.,1.,1.))
REPRESENTATION_ITEM('')
);
#40=(
BOUNDED_CURVE()
B_SPLINE_CURVE(3,(#2595,#2596,#2597,#2598),.UNSPECIFIED.,.F.,.F.)
B_SPLINE_CURVE_WITH_KNOTS((4,4),(0.,1.),.UNSPECIFIED.)
CURVE()
GEOMETRIC_REPRESENTATION_ITEM()
RATIONAL_B_SPLINE_CURVE((1.,1.,1.,1.))
REPRESENTATION_ITEM('')
);
#41=(
BOUNDED_CURVE()
B_SPLINE_CURVE(3,(#2609,#2610,#2611,#2612),.UNSPECIFIED.,.F.,.F.)
B_SPLINE_CURVE_WITH_KNOTS((4,4),(0.,1.),.UNSPECIFIED.)
CURVE()
GEOMETRIC_REPRESENTATION_ITEM()
RATIONAL_B_SPLINE_CURVE((1.,1.,1.,1.))
REPRESENTATION_ITEM('')
);
#42=(
BOUNDED_CURVE()
B_SPLINE_CURVE(3,(#2614,#2615,#2616,#2617),.UNSPECIFIED.,.F.,.F.)
B_SPLINE_CURVE_WITH_KNOTS((4,4),(0.,1.),.UNSPECIFIED.)
CURVE()
GEOMETRIC_REPRESENTATION_ITEM()
RATIONAL_B_SPLINE_CURVE((1.,1.,1.,1.))
REPRESENTATION_ITEM('')
);
#43=(
BOUNDED_CURVE()
B_SPLINE_CURVE(3,(#2628,#2629,#2630,#2631),.UNSPECIFIED.,.F.,.F.)
B_SPLINE_CURVE_WITH_KNOTS((4,4),(0.,1.),.UNSPECIFIED.)
CURVE()
GEOMETRIC_REPRESENTATION_ITEM()
RATIONAL_B_SPLINE_CURVE((1.,1.,1.,1.))
REPRESENTATION_ITEM('')
);
#44=(
BOUNDED_CURVE()
B_SPLINE_CURVE(3,(#2633,#2634,#2635,#2636),.UNSPECIFIED.,.F.,.F.)
B_SPLINE_CURVE_WITH_KNOTS((4,4),(0.,1.),.UNSPECIFIED.)
CURVE()
GEOMETRIC_REPRESENTATION_ITEM()
RATIONAL_B_SPLINE_CURVE((1.,1.,1.,1.))
REPRESENTATION_ITEM('')
);
#45=(
BOUNDED_CURVE()
B_SPLINE_CURVE(3,(#2647,#2648,#2649,#2650),.UNSPECIFIED.,.F.,.F.)
B_SPLINE_CURVE_WITH_KNOTS((4,4),(0.,1.),.UNSPECIFIED.)
CURVE()
GEOMETRIC_REPRESENTATION_ITEM()
RATIONAL_B_SPLINE_CURVE((1.,1.,1.,1.))
REPRESENTATION_ITEM('')
);
#46=(
BOUNDED_CURVE()
B_SPLINE_CURVE(3,(#2652,#2653,#2654,#2655),.UNSPECIFIED.,.F.,.F.)
B_SPLINE_CURVE_WITH_KNOTS((4,4),(0.,1.),.UNSPECIFIED.)
CURVE()
GEOMETRIC_REPRESENTATION_ITEM()
RATIONAL_B_SPLINE_CURVE((1.,1.,1.,1.))
REPRESENTATION_ITEM('')
);
#47=(
BOUNDED_CURVE()
B_SPLINE_CURVE(3,(#2666,#2667,#2668,#2669),.UNSPECIFIED.,.F.,.F.)
B_SPLINE_CURVE_WITH_KNOTS((4,4),(0.,1.),.UNSPECIFIED.)
CURVE()
GEOMETRIC_REPRESENTATION_ITEM()
RATIONAL_B_SPLINE_CURVE((1.,1.,1.,1.))
REPRESENTATION_ITEM('')
);
#48=(
BOUNDED_CURVE()
B_SPLINE_CURVE(3,(#2671,#2672,#2673,#2674),.UNSPECIFIED.,.F.,.F.)
B_SPLINE_CURVE_WITH_KNOTS((4,4),(0.,1.),.UNSPECIFIED.)
CURVE()
GEOMETRIC_REPRESENTATION_ITEM()
RATIONAL_B_SPLINE_CURVE((1.,1.,1.,1.))
REPRESENTATION_ITEM('')
);
#49=(
BOUNDED_CURVE()
B_SPLINE_CURVE(3,(#2697,#2698,#2699,#2700),.UNSPECIFIED.,.F.,.F.)
B_SPLINE_CURVE_WITH_KNOTS((4,4),(0.,1.),.UNSPECIFIED.)
CURVE()
GEOMETRIC_REPRESENTATION_ITEM()
RATIONAL_B_SPLINE_CURVE((1.,1.,1.,1.))
REPRESENTATION_ITEM('')
);
#50=(
BOUNDED_CURVE()
B_SPLINE_CURVE(3,(#2702,#2703,#2704,#2705),.UNSPECIFIED.,.F.,.F.)
B_SPLINE_CURVE_WITH_KNOTS((4,4),(0.,1.),.UNSPECIFIED.)
CURVE()
GEOMETRIC_REPRESENTATION_ITEM()
RATIONAL_B_SPLINE_CURVE((1.,1.,1.,1.))
REPRESENTATION_ITEM('')
);
#51=(
BOUNDED_CURVE()
B_SPLINE_CURVE(3,(#2722,#2723,#2724,#2725),.UNSPECIFIED.,.F.,.F.)
B_SPLINE_CURVE_WITH_KNOTS((4,4),(0.,1.),.UNSPECIFIED.)
CURVE()
GEOMETRIC_REPRESENTATION_ITEM()
RATIONAL_B_SPLINE_CURVE((1.,1.,1.,1.))
REPRESENTATION_ITEM('')
);
#52=(
BOUNDED_CURVE()
B_SPLINE_CURVE(3,(#2727,#2728,#2729,#2730),.UNSPECIFIED.,.F.,.F.)
B_SPLINE_CURVE_WITH_KNOTS((4,4),(0.,1.),.UNSPECIFIED.)
CURVE()
GEOMETRIC_REPRESENTATION_ITEM()
RATIONAL_B_SPLINE_CURVE((1.,1.,1.,1.))
REPRESENTATION_ITEM('')
);
#53=(
BOUNDED_CURVE()
B_SPLINE_CURVE(3,(#2747,#2748,#2749,#2750),.UNSPECIFIED.,.F.,.F.)
B_SPLINE_CURVE_WITH_KNOTS((4,4),(0.,1.),.UNSPECIFIED.)
CURVE()
GEOMETRIC_REPRESENTATION_ITEM()
RATIONAL_B_SPLINE_CURVE((1.,1.,1.,1.))
REPRESENTATION_ITEM('')
);
#54=(
BOUNDED_CURVE()
B_SPLINE_CURVE(3,(#2752,#2753,#2754,#2755),.UNSPECIFIED.,.F.,.F.)
B_SPLINE_CURVE_WITH_KNOTS((4,4),(0.,1.),.UNSPECIFIED.)
CURVE()
GEOMETRIC_REPRESENTATION_ITEM()
RATIONAL_B_SPLINE_CURVE((1.,1.,1.,1.))
REPRESENTATION_ITEM('')
);
#55=(
BOUNDED_CURVE()
B_SPLINE_CURVE(3,(#2771,#2772,#2773,#2774),.UNSPECIFIED.,.F.,.F.)
B_SPLINE_CURVE_WITH_KNOTS((4,4),(0.,1.),.UNSPECIFIED.)
CURVE()
GEOMETRIC_REPRESENTATION_ITEM()
RATIONAL_B_SPLINE_CURVE((1.,1.,1.,1.))
REPRESENTATION_ITEM('')
);
#56=(
BOUNDED_CURVE()
B_SPLINE_CURVE(3,(#2775,#2776,#2777,#2778),.UNSPECIFIED.,.F.,.F.)
B_SPLINE_CURVE_WITH_KNOTS((4,4),(0.,1.),.UNSPECIFIED.)
CURVE()
GEOMETRIC_REPRESENTATION_ITEM()
RATIONAL_B_SPLINE_CURVE((1.,1.,1.,1.))
REPRESENTATION_ITEM('')
);
#57=(
BOUNDED_CURVE()
B_SPLINE_CURVE(3,(#2843,#2844,#2845,#2846),.UNSPECIFIED.,.F.,.F.)
B_SPLINE_CURVE_WITH_KNOTS((4,4),(-1.,0.),.UNSPECIFIED.)
CURVE()
GEOMETRIC_REPRESENTATION_ITEM()
RATIONAL_B_SPLINE_CURVE((1.,1.,1.,1.))
REPRESENTATION_ITEM('')
);
#58=(
BOUNDED_CURVE()
B_SPLINE_CURVE(3,(#2850,#2851,#2852,#2853),.UNSPECIFIED.,.F.,.F.)
B_SPLINE_CURVE_WITH_KNOTS((4,4),(-1.,0.),.UNSPECIFIED.)
CURVE()
GEOMETRIC_REPRESENTATION_ITEM()
RATIONAL_B_SPLINE_CURVE((1.,1.,1.,1.))
REPRESENTATION_ITEM('')
);
#59=(
BOUNDED_CURVE()
B_SPLINE_CURVE(3,(#2864,#2865,#2866,#2867),.UNSPECIFIED.,.F.,.F.)
B_SPLINE_CURVE_WITH_KNOTS((4,4),(-1.,0.),.UNSPECIFIED.)
CURVE()
GEOMETRIC_REPRESENTATION_ITEM()
RATIONAL_B_SPLINE_CURVE((1.,1.,1.,1.))
REPRESENTATION_ITEM('')
);
#60=(
BOUNDED_CURVE()
B_SPLINE_CURVE(3,(#2869,#2870,#2871,#2872),.UNSPECIFIED.,.F.,.F.)
B_SPLINE_CURVE_WITH_KNOTS((4,4),(-1.,0.),.UNSPECIFIED.)
CURVE()
GEOMETRIC_REPRESENTATION_ITEM()
RATIONAL_B_SPLINE_CURVE((1.,1.,1.,1.))
REPRESENTATION_ITEM('')
);
#61=(
BOUNDED_CURVE()
B_SPLINE_CURVE(3,(#2883,#2884,#2885,#2886),.UNSPECIFIED.,.F.,.F.)
B_SPLINE_CURVE_WITH_KNOTS((4,4),(-1.,0.),.UNSPECIFIED.)
CURVE()
GEOMETRIC_REPRESENTATION_ITEM()
RATIONAL_B_SPLINE_CURVE((1.,1.,1.,1.))
REPRESENTATION_ITEM('')
);
#62=(
BOUNDED_CURVE()
B_SPLINE_CURVE(3,(#2888,#2889,#2890,#2891),.UNSPECIFIED.,.F.,.F.)
B_SPLINE_CURVE_WITH_KNOTS((4,4),(-1.,0.),.UNSPECIFIED.)
CURVE()
GEOMETRIC_REPRESENTATION_ITEM()
RATIONAL_B_SPLINE_CURVE((1.,1.,1.,1.))
REPRESENTATION_ITEM('')
);
#63=(
BOUNDED_CURVE()
B_SPLINE_CURVE(3,(#2901,#2902,#2903,#2904),.UNSPECIFIED.,.F.,.F.)
B_SPLINE_CURVE_WITH_KNOTS((4,4),(-1.,0.),.UNSPECIFIED.)
CURVE()
GEOMETRIC_REPRESENTATION_ITEM()
RATIONAL_B_SPLINE_CURVE((1.,1.,1.,1.))
REPRESENTATION_ITEM('')
);
#64=(
BOUNDED_CURVE()
B_SPLINE_CURVE(3,(#2905,#2906,#2907,#2908),.UNSPECIFIED.,.F.,.F.)
B_SPLINE_CURVE_WITH_KNOTS((4,4),(-1.,0.),.UNSPECIFIED.)
CURVE()
GEOMETRIC_REPRESENTATION_ITEM()
RATIONAL_B_SPLINE_CURVE((1.,1.,1.,1.))
REPRESENTATION_ITEM('')
);
#65=(
BOUNDED_CURVE()
B_SPLINE_CURVE(3,(#2919,#2920,#2921,#2922),.UNSPECIFIED.,.F.,.F.)
B_SPLINE_CURVE_WITH_KNOTS((4,4),(0.,1.),.UNSPECIFIED.)
CURVE()
GEOMETRIC_REPRESENTATION_ITEM()
RATIONAL_B_SPLINE_CURVE((1.,1.,1.,1.))
REPRESENTATION_ITEM('')
);
#66=(
BOUNDED_CURVE()
B_SPLINE_CURVE(3,(#2926,#2927,#2928,#2929),.UNSPECIFIED.,.F.,.F.)
B_SPLINE_CURVE_WITH_KNOTS((4,4),(-1.,0.),.UNSPECIFIED.)
CURVE()
GEOMETRIC_REPRESENTATION_ITEM()
RATIONAL_B_SPLINE_CURVE((1.,1.,1.,1.))
REPRESENTATION_ITEM('')
);
#67=(
BOUNDED_CURVE()
B_SPLINE_CURVE(3,(#2940,#2941,#2942,#2943),.UNSPECIFIED.,.F.,.F.)
B_SPLINE_CURVE_WITH_KNOTS((4,4),(0.,1.),.UNSPECIFIED.)
CURVE()
GEOMETRIC_REPRESENTATION_ITEM()
RATIONAL_B_SPLINE_CURVE((1.,1.,1.,1.))
REPRESENTATION_ITEM('')
);
#68=(
BOUNDED_CURVE()
B_SPLINE_CURVE(3,(#2945,#2946,#2947,#2948),.UNSPECIFIED.,.F.,.F.)
B_SPLINE_CURVE_WITH_KNOTS((4,4),(-1.,0.),.UNSPECIFIED.)
CURVE()
GEOMETRIC_REPRESENTATION_ITEM()
RATIONAL_B_SPLINE_CURVE((1.,1.,1.,1.))
REPRESENTATION_ITEM('')
);
#69=(
BOUNDED_CURVE()
B_SPLINE_CURVE(3,(#2959,#2960,#2961,#2962),.UNSPECIFIED.,.F.,.F.)
B_SPLINE_CURVE_WITH_KNOTS((4,4),(0.,1.),.UNSPECIFIED.)
CURVE()
GEOMETRIC_REPRESENTATION_ITEM()
RATIONAL_B_SPLINE_CURVE((1.,1.,1.,1.))
REPRESENTATION_ITEM('')
);
#70=(
BOUNDED_CURVE()
B_SPLINE_CURVE(3,(#2964,#2965,#2966,#2967),.UNSPECIFIED.,.F.,.F.)
B_SPLINE_CURVE_WITH_KNOTS((4,4),(-1.,0.),.UNSPECIFIED.)
CURVE()
GEOMETRIC_REPRESENTATION_ITEM()
RATIONAL_B_SPLINE_CURVE((1.,1.,1.,1.))
REPRESENTATION_ITEM('')
);
#71=(
BOUNDED_CURVE()
B_SPLINE_CURVE(3,(#2977,#2978,#2979,#2980),.UNSPECIFIED.,.F.,.F.)
B_SPLINE_CURVE_WITH_KNOTS((4,4),(0.,1.),.UNSPECIFIED.)
CURVE()
GEOMETRIC_REPRESENTATION_ITEM()
RATIONAL_B_SPLINE_CURVE((1.,1.,1.,1.))
REPRESENTATION_ITEM('')
);
#72=(
BOUNDED_CURVE()
B_SPLINE_CURVE(3,(#2981,#2982,#2983,#2984),.UNSPECIFIED.,.F.,.F.)
B_SPLINE_CURVE_WITH_KNOTS((4,4),(-1.,0.),.UNSPECIFIED.)
CURVE()
GEOMETRIC_REPRESENTATION_ITEM()
RATIONAL_B_SPLINE_CURVE((1.,1.,1.,1.))
REPRESENTATION_ITEM('')
);
#73=(
BOUNDED_CURVE()
B_SPLINE_CURVE(3,(#2997,#2998,#2999,#3000),.UNSPECIFIED.,.F.,.F.)
B_SPLINE_CURVE_WITH_KNOTS((4,4),(0.,1.),.UNSPECIFIED.)
CURVE()
GEOMETRIC_REPRESENTATION_ITEM()
RATIONAL_B_SPLINE_CURVE((1.,1.,1.,1.))
REPRESENTATION_ITEM('')
);
#74=(
BOUNDED_CURVE()
B_SPLINE_CURVE(3,(#3004,#3005,#3006,#3007),.UNSPECIFIED.,.F.,.F.)
B_SPLINE_CURVE_WITH_KNOTS((4,4),(0.,1.),.UNSPECIFIED.)
CURVE()
GEOMETRIC_REPRESENTATION_ITEM()
RATIONAL_B_SPLINE_CURVE((1.,1.,1.,1.))
REPRESENTATION_ITEM('')
);
#75=(
BOUNDED_CURVE()
B_SPLINE_CURVE(3,(#3018,#3019,#3020,#3021),.UNSPECIFIED.,.F.,.F.)
B_SPLINE_CURVE_WITH_KNOTS((4,4),(0.,1.),.UNSPECIFIED.)
CURVE()
GEOMETRIC_REPRESENTATION_ITEM()
RATIONAL_B_SPLINE_CURVE((1.,1.,1.,1.))
REPRESENTATION_ITEM('')
);
#76=(
BOUNDED_CURVE()
B_SPLINE_CURVE(3,(#3023,#3024,#3025,#3026),.UNSPECIFIED.,.F.,.F.)
B_SPLINE_CURVE_WITH_KNOTS((4,4),(0.,1.),.UNSPECIFIED.)
CURVE()
GEOMETRIC_REPRESENTATION_ITEM()
RATIONAL_B_SPLINE_CURVE((1.,1.,1.,1.))
REPRESENTATION_ITEM('')
);
#77=STYLED_ITEM('',(#3087),#83);
#78=STYLED_ITEM('',(#3087),#84);
#79=STYLED_ITEM('',(#3087),#85);
#80=STYLED_ITEM('',(#3087),#86);
#81=STYLED_ITEM('',(#3087),#87);
#82=STYLED_ITEM('',(#3087),#88);
#83=MANIFOLD_SOLID_BREP('Cover Plate + LED V2 + OLED V2',#1699);
#84=MANIFOLD_SOLID_BREP('ESP Home Logo',#1700);
#85=MANIFOLD_SOLID_BREP('Status Logo 1',#1701);
#86=MANIFOLD_SOLID_BREP('Status Logo 2',#1702);
#87=MANIFOLD_SOLID_BREP('Status Logo 3',#1703);
#88=MANIFOLD_SOLID_BREP('Water Level Logo',#1704);
#89=(
BOUNDED_SURFACE()
B_SPLINE_SURFACE(2,2,((#2249,#2250,#2251),(#2252,#2253,#2254),(#2255,#2256,
#2257)),.UNSPECIFIED.,.F.,.F.,.F.)
B_SPLINE_SURFACE_WITH_KNOTS((3,3),(3,3),(-1.57079632679492,0.),(-3.14159265358979,
-1.5707963267949),.UNSPECIFIED.)
GEOMETRIC_REPRESENTATION_ITEM()
RATIONAL_B_SPLINE_SURFACE(((1.,0.707106781186548,1.),(0.707106781186562,
0.500000000000011,0.707106781186562),(1.,0.707106781186548,1.)))
REPRESENTATION_ITEM('')
SURFACE()
);
#90=(
BOUNDED_SURFACE()
B_SPLINE_SURFACE(2,2,((#2265,#2266,#2267),(#2268,#2269,#2270),(#2271,#2272,
#2273)),.UNSPECIFIED.,.F.,.F.,.F.)
B_SPLINE_SURFACE_WITH_KNOTS((3,3),(3,3),(-1.57079632679492,0.),(-1.5707963267949,
0.),.UNSPECIFIED.)
GEOMETRIC_REPRESENTATION_ITEM()
RATIONAL_B_SPLINE_SURFACE(((1.,0.707106781186548,1.),(0.707106781186536,
0.499999999999992,0.707106781186536),(1.,0.707106781186548,1.)))
REPRESENTATION_ITEM('')
SURFACE()
);
#91=(
BOUNDED_SURFACE()
B_SPLINE_SURFACE(2,2,((#2281,#2282,#2283),(#2284,#2285,#2286),(#2287,#2288,
#2289)),.UNSPECIFIED.,.F.,.F.,.F.)
B_SPLINE_SURFACE_WITH_KNOTS((3,3),(3,3),(-1.5707963267949,0.),(0.,1.5707963267949),
 .UNSPECIFIED.)
GEOMETRIC_REPRESENTATION_ITEM()
RATIONAL_B_SPLINE_SURFACE(((1.,0.707106781186548,1.),(0.707106781186551,
0.500000000000002,0.707106781186551),(1.,0.707106781186548,1.)))
REPRESENTATION_ITEM('')
SURFACE()
);
#92=(
BOUNDED_SURFACE()
B_SPLINE_SURFACE(2,2,((#2297,#2298,#2299),(#2300,#2301,#2302),(#2303,#2304,
#2305)),.UNSPECIFIED.,.F.,.F.,.F.)
B_SPLINE_SURFACE_WITH_KNOTS((3,3),(3,3),(-1.57079632679492,0.),(1.5707963267949,
3.14159265358979),.UNSPECIFIED.)
GEOMETRIC_REPRESENTATION_ITEM()
RATIONAL_B_SPLINE_SURFACE(((1.,0.707106781186548,1.),(0.707106781186561,
0.50000000000001,0.707106781186561),(1.,0.707106781186548,1.)))
REPRESENTATION_ITEM('')
SURFACE()
);
#93=(
BOUNDED_SURFACE()
B_SPLINE_SURFACE(3,1,((#2349,#2350),(#2351,#2352),(#2353,#2354),(#2355,
#2356)),.UNSPECIFIED.,.F.,.F.,.F.)
B_SPLINE_SURFACE_WITH_KNOTS((4,4),(2,2),(0.,1.),(0.,0.08),.UNSPECIFIED.)
GEOMETRIC_REPRESENTATION_ITEM()
RATIONAL_B_SPLINE_SURFACE(((1.,1.),(1.,1.),(1.,1.),(1.,1.)))
REPRESENTATION_ITEM('')
SURFACE()
);
#94=(
BOUNDED_SURFACE()
B_SPLINE_SURFACE(3,1,((#2386,#2387),(#2388,#2389),(#2390,#2391),(#2392,
#2393)),.UNSPECIFIED.,.F.,.F.,.F.)
B_SPLINE_SURFACE_WITH_KNOTS((4,4),(2,2),(0.,1.),(0.,0.08),.UNSPECIFIED.)
GEOMETRIC_REPRESENTATION_ITEM()
RATIONAL_B_SPLINE_SURFACE(((1.,1.),(1.,1.),(1.,1.),(1.,1.)))
REPRESENTATION_ITEM('')
SURFACE()
);
#95=(
BOUNDED_SURFACE()
B_SPLINE_SURFACE(3,1,((#2405,#2406),(#2407,#2408),(#2409,#2410),(#2411,
#2412)),.UNSPECIFIED.,.F.,.F.,.F.)
B_SPLINE_SURFACE_WITH_KNOTS((4,4),(2,2),(0.,1.),(0.,0.08),.UNSPECIFIED.)
GEOMETRIC_REPRESENTATION_ITEM()
RATIONAL_B_SPLINE_SURFACE(((1.,1.),(1.,1.),(1.,1.),(1.,1.)))
REPRESENTATION_ITEM('')
SURFACE()
);
#96=(
BOUNDED_SURFACE()
B_SPLINE_SURFACE(3,1,((#2424,#2425),(#2426,#2427),(#2428,#2429),(#2430,
#2431)),.UNSPECIFIED.,.F.,.F.,.F.)
B_SPLINE_SURFACE_WITH_KNOTS((4,4),(2,2),(0.,1.),(0.,0.08),.UNSPECIFIED.)
GEOMETRIC_REPRESENTATION_ITEM()
RATIONAL_B_SPLINE_SURFACE(((1.,1.),(1.,1.),(1.,1.),(1.,1.)))
REPRESENTATION_ITEM('')
SURFACE()
);
#97=(
BOUNDED_SURFACE()
B_SPLINE_SURFACE(3,1,((#2443,#2444),(#2445,#2446),(#2447,#2448),(#2449,
#2450)),.UNSPECIFIED.,.F.,.F.,.F.)
B_SPLINE_SURFACE_WITH_KNOTS((4,4),(2,2),(0.,1.),(0.,0.08),.UNSPECIFIED.)
GEOMETRIC_REPRESENTATION_ITEM()
RATIONAL_B_SPLINE_SURFACE(((1.,1.),(1.,1.),(1.,1.),(1.,1.)))
REPRESENTATION_ITEM('')
SURFACE()
);
#98=(
BOUNDED_SURFACE()
B_SPLINE_SURFACE(3,1,((#2462,#2463),(#2464,#2465),(#2466,#2467),(#2468,
#2469)),.UNSPECIFIED.,.F.,.F.,.F.)
B_SPLINE_SURFACE_WITH_KNOTS((4,4),(2,2),(0.,1.),(0.,0.08),.UNSPECIFIED.)
GEOMETRIC_REPRESENTATION_ITEM()
RATIONAL_B_SPLINE_SURFACE(((1.,1.),(1.,1.),(1.,1.),(1.,1.)))
REPRESENTATION_ITEM('')
SURFACE()
);
#99=(
BOUNDED_SURFACE()
B_SPLINE_SURFACE(3,1,((#2493,#2494),(#2495,#2496),(#2497,#2498),(#2499,
#2500)),.UNSPECIFIED.,.F.,.F.,.F.)
B_SPLINE_SURFACE_WITH_KNOTS((4,4),(2,2),(0.,1.),(0.,0.08),.UNSPECIFIED.)
GEOMETRIC_REPRESENTATION_ITEM()
RATIONAL_B_SPLINE_SURFACE(((1.,1.),(1.,1.),(1.,1.),(1.,1.)))
REPRESENTATION_ITEM('')
SURFACE()
);
#100=(
BOUNDED_SURFACE()
B_SPLINE_SURFACE(3,1,((#2512,#2513),(#2514,#2515),(#2516,#2517),(#2518,
#2519)),.UNSPECIFIED.,.F.,.F.,.F.)
B_SPLINE_SURFACE_WITH_KNOTS((4,4),(2,2),(0.,1.),(0.,0.08),.UNSPECIFIED.)
GEOMETRIC_REPRESENTATION_ITEM()
RATIONAL_B_SPLINE_SURFACE(((1.,1.),(1.,1.),(1.,1.),(1.,1.)))
REPRESENTATION_ITEM('')
SURFACE()
);
#101=(
BOUNDED_SURFACE()
B_SPLINE_SURFACE(3,1,((#2531,#2532),(#2533,#2534),(#2535,#2536),(#2537,
#2538)),.UNSPECIFIED.,.F.,.F.,.F.)
B_SPLINE_SURFACE_WITH_KNOTS((4,4),(2,2),(0.,1.),(0.,0.08),.UNSPECIFIED.)
GEOMETRIC_REPRESENTATION_ITEM()
RATIONAL_B_SPLINE_SURFACE(((1.,1.),(1.,1.),(1.,1.),(1.,1.)))
REPRESENTATION_ITEM('')
SURFACE()
);
#102=(
BOUNDED_SURFACE()
B_SPLINE_SURFACE(3,1,((#2550,#2551),(#2552,#2553),(#2554,#2555),(#2556,
#2557)),.UNSPECIFIED.,.F.,.F.,.F.)
B_SPLINE_SURFACE_WITH_KNOTS((4,4),(2,2),(0.,1.),(0.,0.08),.UNSPECIFIED.)
GEOMETRIC_REPRESENTATION_ITEM()
RATIONAL_B_SPLINE_SURFACE(((1.,1.),(1.,1.),(1.,1.),(1.,1.)))
REPRESENTATION_ITEM('')
SURFACE()
);
#103=(
BOUNDED_SURFACE()
B_SPLINE_SURFACE(3,1,((#2581,#2582),(#2583,#2584),(#2585,#2586),(#2587,
#2588)),.UNSPECIFIED.,.F.,.F.,.F.)
B_SPLINE_SURFACE_WITH_KNOTS((4,4),(2,2),(0.,1.),(0.,0.08),.UNSPECIFIED.)
GEOMETRIC_REPRESENTATION_ITEM()
RATIONAL_B_SPLINE_SURFACE(((1.,1.),(1.,1.),(1.,1.),(1.,1.)))
REPRESENTATION_ITEM('')
SURFACE()
);
#104=(
BOUNDED_SURFACE()
B_SPLINE_SURFACE(3,1,((#2600,#2601),(#2602,#2603),(#2604,#2605),(#2606,
#2607)),.UNSPECIFIED.,.F.,.F.,.F.)
B_SPLINE_SURFACE_WITH_KNOTS((4,4),(2,2),(0.,1.),(0.,0.08),.UNSPECIFIED.)
GEOMETRIC_REPRESENTATION_ITEM()
RATIONAL_B_SPLINE_SURFACE(((1.,1.),(1.,1.),(1.,1.),(1.,1.)))
REPRESENTATION_ITEM('')
SURFACE()
);
#105=(
BOUNDED_SURFACE()
B_SPLINE_SURFACE(3,1,((#2619,#2620),(#2621,#2622),(#2623,#2624),(#2625,
#2626)),.UNSPECIFIED.,.F.,.F.,.F.)
B_SPLINE_SURFACE_WITH_KNOTS((4,4),(2,2),(0.,1.),(0.,0.08),.UNSPECIFIED.)
GEOMETRIC_REPRESENTATION_ITEM()
RATIONAL_B_SPLINE_SURFACE(((1.,1.),(1.,1.),(1.,1.),(1.,1.)))
REPRESENTATION_ITEM('')
SURFACE()
);
#106=(
BOUNDED_SURFACE()
B_SPLINE_SURFACE(3,1,((#2638,#2639),(#2640,#2641),(#2642,#2643),(#2644,
#2645)),.UNSPECIFIED.,.F.,.F.,.F.)
B_SPLINE_SURFACE_WITH_KNOTS((4,4),(2,2),(0.,1.),(0.,0.08),.UNSPECIFIED.)
GEOMETRIC_REPRESENTATION_ITEM()
RATIONAL_B_SPLINE_SURFACE(((1.,1.),(1.,1.),(1.,1.),(1.,1.)))
REPRESENTATION_ITEM('')
SURFACE()
);
#107=(
BOUNDED_SURFACE()
B_SPLINE_SURFACE(3,1,((#2657,#2658),(#2659,#2660),(#2661,#2662),(#2663,
#2664)),.UNSPECIFIED.,.F.,.F.,.F.)
B_SPLINE_SURFACE_WITH_KNOTS((4,4),(2,2),(0.,1.),(0.,0.08),.UNSPECIFIED.)
GEOMETRIC_REPRESENTATION_ITEM()
RATIONAL_B_SPLINE_SURFACE(((1.,1.),(1.,1.),(1.,1.),(1.,1.)))
REPRESENTATION_ITEM('')
SURFACE()
);
#108=(
BOUNDED_SURFACE()
B_SPLINE_SURFACE(3,1,((#2688,#2689),(#2690,#2691),(#2692,#2693),(#2694,
#2695)),.UNSPECIFIED.,.F.,.F.,.F.)
B_SPLINE_SURFACE_WITH_KNOTS((4,4),(2,2),(0.,1.),(0.,0.08),.UNSPECIFIED.)
GEOMETRIC_REPRESENTATION_ITEM()
RATIONAL_B_SPLINE_SURFACE(((1.,1.),(1.,1.),(1.,1.),(1.,1.)))
REPRESENTATION_ITEM('')
SURFACE()
);
#109=(
BOUNDED_SURFACE()
B_SPLINE_SURFACE(3,1,((#2713,#2714),(#2715,#2716),(#2717,#2718),(#2719,
#2720)),.UNSPECIFIED.,.F.,.F.,.F.)
B_SPLINE_SURFACE_WITH_KNOTS((4,4),(2,2),(0.,1.),(0.,0.08),.UNSPECIFIED.)
GEOMETRIC_REPRESENTATION_ITEM()
RATIONAL_B_SPLINE_SURFACE(((1.,1.),(1.,1.),(1.,1.),(1.,1.)))
REPRESENTATION_ITEM('')
SURFACE()
);
#110=(
BOUNDED_SURFACE()
B_SPLINE_SURFACE(3,1,((#2738,#2739),(#2740,#2741),(#2742,#2743),(#2744,
#2745)),.UNSPECIFIED.,.F.,.F.,.F.)
B_SPLINE_SURFACE_WITH_KNOTS((4,4),(2,2),(0.,1.),(0.,0.08),.UNSPECIFIED.)
GEOMETRIC_REPRESENTATION_ITEM()
RATIONAL_B_SPLINE_SURFACE(((1.,1.),(1.,1.),(1.,1.),(1.,1.)))
REPRESENTATION_ITEM('')
SURFACE()
);
#111=(
BOUNDED_SURFACE()
B_SPLINE_SURFACE(3,1,((#2763,#2764),(#2765,#2766),(#2767,#2768),(#2769,
#2770)),.UNSPECIFIED.,.F.,.F.,.F.)
B_SPLINE_SURFACE_WITH_KNOTS((4,4),(2,2),(0.,1.),(0.,0.08),.UNSPECIFIED.)
GEOMETRIC_REPRESENTATION_ITEM()
RATIONAL_B_SPLINE_SURFACE(((1.,1.),(1.,1.),(1.,1.),(1.,1.)))
REPRESENTATION_ITEM('')
SURFACE()
);
#112=(
BOUNDED_SURFACE()
B_SPLINE_SURFACE(3,1,((#2833,#2834),(#2835,#2836),(#2837,#2838),(#2839,
#2840)),.UNSPECIFIED.,.F.,.F.,.F.)
B_SPLINE_SURFACE_WITH_KNOTS((4,4),(2,2),(-1.,0.),(0.,0.08),
 .UNSPECIFIED.)
GEOMETRIC_REPRESENTATION_ITEM()
RATIONAL_B_SPLINE_SURFACE(((1.,1.),(1.,1.),(1.,1.),(1.,1.)))
REPRESENTATION_ITEM('')
SURFACE()
);
#113=(
BOUNDED_SURFACE()
B_SPLINE_SURFACE(3,1,((#2855,#2856),(#2857,#2858),(#2859,#2860),(#2861,
#2862)),.UNSPECIFIED.,.F.,.F.,.F.)
B_SPLINE_SURFACE_WITH_KNOTS((4,4),(2,2),(-1.,0.),(0.,0.08),
 .UNSPECIFIED.)
GEOMETRIC_REPRESENTATION_ITEM()
RATIONAL_B_SPLINE_SURFACE(((1.,1.),(1.,1.),(1.,1.),(1.,1.)))
REPRESENTATION_ITEM('')
SURFACE()
);
#114=(
BOUNDED_SURFACE()
B_SPLINE_SURFACE(3,1,((#2874,#2875),(#2876,#2877),(#2878,#2879),(#2880,
#2881)),.UNSPECIFIED.,.F.,.F.,.F.)
B_SPLINE_SURFACE_WITH_KNOTS((4,4),(2,2),(-1.,0.),(0.,0.08),
 .UNSPECIFIED.)
GEOMETRIC_REPRESENTATION_ITEM()
RATIONAL_B_SPLINE_SURFACE(((1.,1.),(1.,1.),(1.,1.),(1.,1.)))
REPRESENTATION_ITEM('')
SURFACE()
);
#115=(
BOUNDED_SURFACE()
B_SPLINE_SURFACE(3,1,((#2893,#2894),(#2895,#2896),(#2897,#2898),(#2899,
#2900)),.UNSPECIFIED.,.F.,.F.,.F.)
B_SPLINE_SURFACE_WITH_KNOTS((4,4),(2,2),(-1.,0.),(0.,0.08),
 .UNSPECIFIED.)
GEOMETRIC_REPRESENTATION_ITEM()
RATIONAL_B_SPLINE_SURFACE(((1.,1.),(1.,1.),(1.,1.),(1.,1.)))
REPRESENTATION_ITEM('')
SURFACE()
);
#116=(
BOUNDED_SURFACE()
B_SPLINE_SURFACE(3,1,((#2909,#2910),(#2911,#2912),(#2913,#2914),(#2915,
#2916)),.UNSPECIFIED.,.F.,.F.,.F.)
B_SPLINE_SURFACE_WITH_KNOTS((4,4),(2,2),(-1.,0.),(0.,0.08),
 .UNSPECIFIED.)
GEOMETRIC_REPRESENTATION_ITEM()
RATIONAL_B_SPLINE_SURFACE(((1.,1.),(1.,1.),(1.,1.),(1.,1.)))
REPRESENTATION_ITEM('')
SURFACE()
);
#117=(
BOUNDED_SURFACE()
B_SPLINE_SURFACE(3,1,((#2931,#2932),(#2933,#2934),(#2935,#2936),(#2937,
#2938)),.UNSPECIFIED.,.F.,.F.,.F.)
B_SPLINE_SURFACE_WITH_KNOTS((4,4),(2,2),(-1.,0.),(0.,0.08),
 .UNSPECIFIED.)
GEOMETRIC_REPRESENTATION_ITEM()
RATIONAL_B_SPLINE_SURFACE(((1.,1.),(1.,1.),(1.,1.),(1.,1.)))
REPRESENTATION_ITEM('')
SURFACE()
);
#118=(
BOUNDED_SURFACE()
B_SPLINE_SURFACE(3,1,((#2950,#2951),(#2952,#2953),(#2954,#2955),(#2956,
#2957)),.UNSPECIFIED.,.F.,.F.,.F.)
B_SPLINE_SURFACE_WITH_KNOTS((4,4),(2,2),(-1.,0.),(0.,0.08),
 .UNSPECIFIED.)
GEOMETRIC_REPRESENTATION_ITEM()
RATIONAL_B_SPLINE_SURFACE(((1.,1.),(1.,1.),(1.,1.),(1.,1.)))
REPRESENTATION_ITEM('')
SURFACE()
);
#119=(
BOUNDED_SURFACE()
B_SPLINE_SURFACE(3,1,((#2969,#2970),(#2971,#2972),(#2973,#2974),(#2975,
#2976)),.UNSPECIFIED.,.F.,.F.,.F.)
B_SPLINE_SURFACE_WITH_KNOTS((4,4),(2,2),(-1.,0.),(0.,0.08),
 .UNSPECIFIED.)
GEOMETRIC_REPRESENTATION_ITEM()
RATIONAL_B_SPLINE_SURFACE(((1.,1.),(1.,1.),(1.,1.),(1.,1.)))
REPRESENTATION_ITEM('')
SURFACE()
);
#120=(
BOUNDED_SURFACE()
B_SPLINE_SURFACE(3,1,((#2987,#2988),(#2989,#2990),(#2991,#2992),(#2993,
#2994)),.UNSPECIFIED.,.F.,.F.,.F.)
B_SPLINE_SURFACE_WITH_KNOTS((4,4),(2,2),(0.,1.),(0.,0.08),.UNSPECIFIED.)
GEOMETRIC_REPRESENTATION_ITEM()
RATIONAL_B_SPLINE_SURFACE(((1.,1.),(1.,1.),(1.,1.),(1.,1.)))
REPRESENTATION_ITEM('')
SURFACE()
);
#121=(
BOUNDED_SURFACE()
B_SPLINE_SURFACE(3,1,((#3009,#3010),(#3011,#3012),(#3013,#3014),(#3015,
#3016)),.UNSPECIFIED.,.F.,.F.,.F.)
B_SPLINE_SURFACE_WITH_KNOTS((4,4),(2,2),(0.,1.),(0.,0.08),.UNSPECIFIED.)
GEOMETRIC_REPRESENTATION_ITEM()
RATIONAL_B_SPLINE_SURFACE(((1.,1.),(1.,1.),(1.,1.),(1.,1.)))
REPRESENTATION_ITEM('')
SURFACE()
);
#122=FACE_BOUND('',#320,.T.);
#123=FACE_BOUND('',#321,.T.);
#124=FACE_BOUND('',#322,.T.);
#125=FACE_BOUND('',#323,.T.);
#126=FACE_BOUND('',#324,.T.);
#127=FACE_BOUND('',#325,.T.);
#128=FACE_BOUND('',#326,.T.);
#129=FACE_BOUND('',#352,.T.);
#130=FACE_BOUND('',#353,.T.);
#131=FACE_BOUND('',#354,.T.);
#132=FACE_BOUND('',#355,.T.);
#133=FACE_BOUND('',#356,.T.);
#134=FACE_BOUND('',#357,.T.);
#135=FACE_BOUND('',#358,.T.);
#136=FACE_BOUND('',#414,.T.);
#137=FACE_BOUND('',#416,.T.);
#138=FACE_BOUND('',#424,.T.);
#139=FACE_BOUND('',#426,.T.);
#140=CIRCLE('',#1717,1.);
#141=CIRCLE('',#1718,1.);
#142=CIRCLE('',#1719,1.);
#143=CIRCLE('',#1720,1.);
#144=CIRCLE('',#1721,1.75);
#145=CIRCLE('',#1722,1.75000000000001);
#146=CIRCLE('',#1723,1.74999999999999);
#147=CIRCLE('',#1724,1.75000000000001);
#148=CIRCLE('',#1725,2.05);
#149=CIRCLE('',#1726,2.04999999999998);
#150=CIRCLE('',#1728,2.04999999999998);
#151=CIRCLE('',#1730,2.05);
#152=CIRCLE('',#1734,1.75000000000001);
#153=CIRCLE('',#1736,1.74999999999999);
#154=CIRCLE('',#1738,1.75000000000001);
#155=CIRCLE('',#1740,1.75);
#156=CIRCLE('',#1742,1.00000000000001);
#157=CIRCLE('',#1743,1.);
#158=CIRCLE('',#1744,1.);
#159=CIRCLE('',#1745,2.);
#160=CIRCLE('',#1747,1.);
#161=CIRCLE('',#1748,1.);
#162=CIRCLE('',#1749,2.);
#163=CIRCLE('',#1751,1.);
#164=CIRCLE('',#1752,1.);
#165=CIRCLE('',#1753,2.);
#166=CIRCLE('',#1755,1.);
#167=CIRCLE('',#1756,2.);
#168=CIRCLE('',#1758,2.);
#169=CIRCLE('',#1761,2.);
#170=CIRCLE('',#1764,2.);
#171=CIRCLE('',#1767,2.);
#172=CIRCLE('',#1800,1.54781250000003);
#173=CIRCLE('',#1801,1.54781250000003);
#174=CIRCLE('',#1803,2.32171875000001);
#175=CIRCLE('',#1804,2.32171875000001);
#176=PLANE('',#1714);
#177=PLANE('',#1715);
#178=PLANE('',#1716);
#179=PLANE('',#1731);
#180=PLANE('',#1732);
#181=PLANE('',#1759);
#182=PLANE('',#1762);
#183=PLANE('',#1765);
#184=PLANE('',#1768);
#185=PLANE('',#1769);
#186=PLANE('',#1770);
#187=PLANE('',#1771);
#188=PLANE('',#1772);
#189=PLANE('',#1773);
#190=PLANE('',#1774);
#191=PLANE('',#1775);
#192=PLANE('',#1776);
#193=PLANE('',#1777);
#194=PLANE('',#1778);
#195=PLANE('',#1779);
#196=PLANE('',#1780);
#197=PLANE('',#1781);
#198=PLANE('',#1782);
#199=PLANE('',#1783);
#200=PLANE('',#1784);
#201=PLANE('',#1785);
#202=PLANE('',#1786);
#203=PLANE('',#1787);
#204=PLANE('',#1788);
#205=PLANE('',#1789);
#206=PLANE('',#1790);
#207=PLANE('',#1791);
#208=PLANE('',#1792);
#209=PLANE('',#1793);
#210=PLANE('',#1794);
#211=PLANE('',#1795);
#212=PLANE('',#1796);
#213=PLANE('',#1797);
#214=PLANE('',#1798);
#215=PLANE('',#1805);
#216=PLANE('',#1806);
#217=FACE_OUTER_BOUND('',#313,.T.);
#218=FACE_OUTER_BOUND('',#314,.T.);
#219=FACE_OUTER_BOUND('',#315,.T.);
#220=FACE_OUTER_BOUND('',#316,.T.);
#221=FACE_OUTER_BOUND('',#317,.T.);
#222=FACE_OUTER_BOUND('',#318,.T.);
#223=FACE_OUTER_BOUND('',#319,.T.);
#224=FACE_OUTER_BOUND('',#327,.T.);
#225=FACE_OUTER_BOUND('',#328,.T.);
#226=FACE_OUTER_BOUND('',#329,.T.);
#227=FACE_OUTER_BOUND('',#330,.T.);
#228=FACE_OUTER_BOUND('',#331,.T.);
#229=FACE_OUTER_BOUND('',#332,.T.);
#230=FACE_OUTER_BOUND('',#333,.T.);
#231=FACE_OUTER_BOUND('',#334,.T.);
#232=FACE_OUTER_BOUND('',#335,.T.);
#233=FACE_OUTER_BOUND('',#336,.T.);
#234=FACE_OUTER_BOUND('',#337,.T.);
#235=FACE_OUTER_BOUND('',#338,.T.);
#236=FACE_OUTER_BOUND('',#339,.T.);
#237=FACE_OUTER_BOUND('',#340,.T.);
#238=FACE_OUTER_BOUND('',#341,.T.);
#239=FACE_OUTER_BOUND('',#342,.T.);
#240=FACE_OUTER_BOUND('',#343,.T.);
#241=FACE_OUTER_BOUND('',#344,.T.);
#242=FACE_OUTER_BOUND('',#345,.T.);
#243=FACE_OUTER_BOUND('',#346,.T.);
#244=FACE_OUTER_BOUND('',#347,.T.);
#245=FACE_OUTER_BOUND('',#348,.T.);
#246=FACE_OUTER_BOUND('',#349,.T.);
#247=FACE_OUTER_BOUND('',#350,.T.);
#248=FACE_OUTER_BOUND('',#351,.T.);
#249=FACE_OUTER_BOUND('',#359,.T.);
#250=FACE_OUTER_BOUND('',#360,.T.);
#251=FACE_OUTER_BOUND('',#361,.T.);
#252=FACE_OUTER_BOUND('',#362,.T.);
#253=FACE_OUTER_BOUND('',#363,.T.);
#254=FACE_OUTER_BOUND('',#364,.T.);
#255=FACE_OUTER_BOUND('',#365,.T.);
#256=FACE_OUTER_BOUND('',#366,.T.);
#257=FACE_OUTER_BOUND('',#367,.T.);
#258=FACE_OUTER_BOUND('',#368,.T.);
#259=FACE_OUTER_BOUND('',#369,.T.);
#260=FACE_OUTER_BOUND('',#370,.T.);
#261=FACE_OUTER_BOUND('',#371,.T.);
#262=FACE_OUTER_BOUND('',#372,.T.);
#263=FACE_OUTER_BOUND('',#373,.T.);
#264=FACE_OUTER_BOUND('',#374,.T.);
#265=FACE_OUTER_BOUND('',#375,.T.);
#266=FACE_OUTER_BOUND('',#376,.T.);
#267=FACE_OUTER_BOUND('',#377,.T.);
#268=FACE_OUTER_BOUND('',#378,.T.);
#269=FACE_OUTER_BOUND('',#379,.T.);
#270=FACE_OUTER_BOUND('',#380,.T.);
#271=FACE_OUTER_BOUND('',#381,.T.);
#272=FACE_OUTER_BOUND('',#382,.T.);
#273=FACE_OUTER_BOUND('',#383,.T.);
#274=FACE_OUTER_BOUND('',#384,.T.);
#275=FACE_OUTER_BOUND('',#385,.T.);
#276=FACE_OUTER_BOUND('',#386,.T.);
#277=FACE_OUTER_BOUND('',#387,.T.);
#278=FACE_OUTER_BOUND('',#388,.T.);
#279=FACE_OUTER_BOUND('',#389,.T.);
#280=FACE_OUTER_BOUND('',#390,.T.);
#281=FACE_OUTER_BOUND('',#391,.T.);
#282=FACE_OUTER_BOUND('',#392,.T.);
#283=FACE_OUTER_BOUND('',#393,.T.);
#284=FACE_OUTER_BOUND('',#394,.T.);
#285=FACE_OUTER_BOUND('',#395,.T.);
#286=FACE_OUTER_BOUND('',#396,.T.);
#287=FACE_OUTER_BOUND('',#397,.T.);
#288=FACE_OUTER_BOUND('',#398,.T.);
#289=FACE_OUTER_BOUND('',#399,.T.);
#290=FACE_OUTER_BOUND('',#400,.T.);
#291=FACE_OUTER_BOUND('',#401,.T.);
#292=FACE_OUTER_BOUND('',#402,.T.);
#293=FACE_OUTER_BOUND('',#403,.T.);
#294=FACE_OUTER_BOUND('',#404,.T.);
#295=FACE_OUTER_BOUND('',#405,.T.);
#296=FACE_OUTER_BOUND('',#406,.T.);
#297=FACE_OUTER_BOUND('',#407,.T.);
#298=FACE_OUTER_BOUND('',#408,.T.);
#299=FACE_OUTER_BOUND('',#409,.T.);
#300=FACE_OUTER_BOUND('',#410,.T.);
#301=FACE_OUTER_BOUND('',#411,.T.);
#302=FACE_OUTER_BOUND('',#412,.T.);
#303=FACE_OUTER_BOUND('',#413,.T.);
#304=FACE_OUTER_BOUND('',#415,.T.);
#305=FACE_OUTER_BOUND('',#417,.T.);
#306=FACE_OUTER_BOUND('',#418,.T.);
#307=FACE_OUTER_BOUND('',#419,.T.);
#308=FACE_OUTER_BOUND('',#420,.T.);
#309=FACE_OUTER_BOUND('',#421,.T.);
#310=FACE_OUTER_BOUND('',#422,.T.);
#311=FACE_OUTER_BOUND('',#423,.T.);
#312=FACE_OUTER_BOUND('',#425,.T.);
#313=EDGE_LOOP('',(#1103,#1104,#1105,#1106));
#314=EDGE_LOOP('',(#1107,#1108,#1109,#1110));
#315=EDGE_LOOP('',(#1111,#1112,#1113,#1114));
#316=EDGE_LOOP('',(#1115,#1116,#1117,#1118));
#317=EDGE_LOOP('',(#1119,#1120,#1121,#1122));
#318=EDGE_LOOP('',(#1123,#1124,#1125,#1126));
#319=EDGE_LOOP('',(#1127,#1128,#1129,#1130,#1131,#1132,#1133,#1134));
#320=EDGE_LOOP('',(#1135));
#321=EDGE_LOOP('',(#1136));
#322=EDGE_LOOP('',(#1137));
#323=EDGE_LOOP('',(#1138));
#324=EDGE_LOOP('',(#1139));
#325=EDGE_LOOP('',(#1140));
#326=EDGE_LOOP('',(#1141,#1142,#1143,#1144));
#327=EDGE_LOOP('',(#1145,#1146,#1147,#1148));
#328=EDGE_LOOP('',(#1149,#1150,#1151,#1152));
#329=EDGE_LOOP('',(#1153,#1154,#1155,#1156));
#330=EDGE_LOOP('',(#1157,#1158,#1159,#1160));
#331=EDGE_LOOP('',(#1161,#1162,#1163,#1164));
#332=EDGE_LOOP('',(#1165,#1166,#1167,#1168));
#333=EDGE_LOOP('',(#1169,#1170,#1171,#1172));
#334=EDGE_LOOP('',(#1173,#1174,#1175,#1176));
#335=EDGE_LOOP('',(#1177,#1178,#1179,#1180));
#336=EDGE_LOOP('',(#1181,#1182,#1183,#1184));
#337=EDGE_LOOP('',(#1185,#1186,#1187,#1188));
#338=EDGE_LOOP('',(#1189,#1190,#1191,#1192));
#339=EDGE_LOOP('',(#1193,#1194,#1195,#1196));
#340=EDGE_LOOP('',(#1197,#1198,#1199,#1200));
#341=EDGE_LOOP('',(#1201,#1202,#1203,#1204));
#342=EDGE_LOOP('',(#1205,#1206,#1207,#1208));
#343=EDGE_LOOP('',(#1209,#1210,#1211,#1212));
#344=EDGE_LOOP('',(#1213,#1214,#1215,#1216));
#345=EDGE_LOOP('',(#1217,#1218,#1219,#1220));
#346=EDGE_LOOP('',(#1221,#1222,#1223,#1224));
#347=EDGE_LOOP('',(#1225,#1226,#1227,#1228));
#348=EDGE_LOOP('',(#1229,#1230,#1231,#1232));
#349=EDGE_LOOP('',(#1233,#1234,#1235,#1236));
#350=EDGE_LOOP('',(#1237,#1238,#1239,#1240));
#351=EDGE_LOOP('',(#1241,#1242,#1243,#1244,#1245,#1246,#1247,#1248));
#352=EDGE_LOOP('',(#1249));
#353=EDGE_LOOP('',(#1250));
#354=EDGE_LOOP('',(#1251,#1252,#1253,#1254));
#355=EDGE_LOOP('',(#1255));
#356=EDGE_LOOP('',(#1256));
#357=EDGE_LOOP('',(#1257));
#358=EDGE_LOOP('',(#1258));
#359=EDGE_LOOP('',(#1259,#1260,#1261,#1262));
#360=EDGE_LOOP('',(#1263,#1264,#1265,#1266));
#361=EDGE_LOOP('',(#1267,#1268,#1269,#1270));
#362=EDGE_LOOP('',(#1271,#1272,#1273,#1274));
#363=EDGE_LOOP('',(#1275,#1276,#1277,#1278));
#364=EDGE_LOOP('',(#1279,#1280,#1281,#1282));
#365=EDGE_LOOP('',(#1283,#1284,#1285,#1286));
#366=EDGE_LOOP('',(#1287,#1288,#1289,#1290));
#367=EDGE_LOOP('',(#1291,#1292,#1293,#1294));
#368=EDGE_LOOP('',(#1295,#1296,#1297,#1298));
#369=EDGE_LOOP('',(#1299,#1300,#1301,#1302));
#370=EDGE_LOOP('',(#1303,#1304,#1305,#1306));
#371=EDGE_LOOP('',(#1307,#1308,#1309,#1310));
#372=EDGE_LOOP('',(#1311,#1312,#1313,#1314));
#373=EDGE_LOOP('',(#1315,#1316,#1317,#1318));
#374=EDGE_LOOP('',(#1319,#1320,#1321,#1322));
#375=EDGE_LOOP('',(#1323,#1324,#1325,#1326));
#376=EDGE_LOOP('',(#1327,#1328,#1329,#1330));
#377=EDGE_LOOP('',(#1331,#1332,#1333,#1334));
#378=EDGE_LOOP('',(#1335,#1336,#1337,#1338));
#379=EDGE_LOOP('',(#1339,#1340,#1341,#1342));
#380=EDGE_LOOP('',(#1343,#1344,#1345,#1346));
#381=EDGE_LOOP('',(#1347,#1348,#1349,#1350));
#382=EDGE_LOOP('',(#1351,#1352,#1353,#1354));
#383=EDGE_LOOP('',(#1355,#1356,#1357,#1358));
#384=EDGE_LOOP('',(#1359,#1360,#1361,#1362));
#385=EDGE_LOOP('',(#1363,#1364,#1365,#1366));
#386=EDGE_LOOP('',(#1367,#1368,#1369,#1370));
#387=EDGE_LOOP('',(#1371,#1372,#1373,#1374));
#388=EDGE_LOOP('',(#1375,#1376,#1377,#1378));
#389=EDGE_LOOP('',(#1379,#1380,#1381,#1382));
#390=EDGE_LOOP('',(#1383,#1384,#1385,#1386));
#391=EDGE_LOOP('',(#1387,#1388,#1389,#1390,#1391,#1392,#1393,#1394,#1395,
#1396,#1397,#1398,#1399,#1400,#1401,#1402,#1403,#1404,#1405,#1406,#1407,
#1408,#1409,#1410,#1411,#1412,#1413,#1414,#1415,#1416,#1417,#1418));
#392=EDGE_LOOP('',(#1419,#1420,#1421,#1422,#1423,#1424,#1425,#1426,#1427,
#1428,#1429,#1430,#1431,#1432,#1433,#1434,#1435,#1436,#1437,#1438,#1439,
#1440,#1441,#1442,#1443,#1444,#1445,#1446,#1447,#1448,#1449,#1450));
#393=EDGE_LOOP('',(#1451,#1452,#1453,#1454));
#394=EDGE_LOOP('',(#1455,#1456,#1457,#1458));
#395=EDGE_LOOP('',(#1459,#1460,#1461,#1462));
#396=EDGE_LOOP('',(#1463,#1464,#1465,#1466));
#397=EDGE_LOOP('',(#1467,#1468,#1469,#1470));
#398=EDGE_LOOP('',(#1471,#1472,#1473,#1474));
#399=EDGE_LOOP('',(#1475,#1476,#1477,#1478));
#400=EDGE_LOOP('',(#1479,#1480,#1481,#1482));
#401=EDGE_LOOP('',(#1483,#1484,#1485,#1486));
#402=EDGE_LOOP('',(#1487,#1488,#1489,#1490));
#403=EDGE_LOOP('',(#1491,#1492,#1493,#1494));
#404=EDGE_LOOP('',(#1495,#1496,#1497,#1498));
#405=EDGE_LOOP('',(#1499,#1500,#1501,#1502));
#406=EDGE_LOOP('',(#1503,#1504,#1505,#1506));
#407=EDGE_LOOP('',(#1507,#1508,#1509,#1510));
#408=EDGE_LOOP('',(#1511,#1512,#1513,#1514));
#409=EDGE_LOOP('',(#1515,#1516,#1517,#1518));
#410=EDGE_LOOP('',(#1519,#1520,#1521,#1522));
#411=EDGE_LOOP('',(#1523,#1524,#1525,#1526));
#412=EDGE_LOOP('',(#1527,#1528,#1529,#1530));
#413=EDGE_LOOP('',(#1531,#1532,#1533,#1534));
#414=EDGE_LOOP('',(#1535,#1536,#1537,#1538));
#415=EDGE_LOOP('',(#1539,#1540,#1541,#1542));
#416=EDGE_LOOP('',(#1543,#1544,#1545,#1546));
#417=EDGE_LOOP('',(#1547,#1548,#1549,#1550));
#418=EDGE_LOOP('',(#1551,#1552,#1553,#1554));
#419=EDGE_LOOP('',(#1555,#1556,#1557,#1558));
#420=EDGE_LOOP('',(#1559,#1560,#1561,#1562));
#421=EDGE_LOOP('',(#1563,#1564,#1565,#1566));
#422=EDGE_LOOP('',(#1567,#1568,#1569,#1570));
#423=EDGE_LOOP('',(#1571,#1572,#1573));
#424=EDGE_LOOP('',(#1574,#1575,#1576));
#425=EDGE_LOOP('',(#1577,#1578,#1579));
#426=EDGE_LOOP('',(#1580,#1581,#1582));
#427=ELLIPSE('',#1707,1.4142135623731,1.);
#428=ELLIPSE('',#1708,1.4142135623731,1.);
#429=ELLIPSE('',#1710,1.4142135623731,1.);
#430=ELLIPSE('',#1712,1.4142135623731,1.);
#431=LINE('',#2153,#569);
#432=LINE('',#2157,#570);
#433=LINE('',#2161,#571);
#434=LINE('',#2163,#572);
#435=LINE('',#2167,#573);
#436=LINE('',#2169,#574);
#437=LINE('',#2172,#575);
#438=LINE('',#2173,#576);
#439=LINE('',#2176,#577);
#440=LINE('',#2178,#578);
#441=LINE('',#2179,#579);
#442=LINE('',#2182,#580);
#443=LINE('',#2183,#581);
#444=LINE('',#2187,#582);
#445=LINE('',#2191,#583);
#446=LINE('',#2195,#584);
#447=LINE('',#2199,#585);
#448=LINE('',#2216,#586);
#449=LINE('',#2220,#587);
#450=LINE('',#2223,#588);
#451=LINE('',#2224,#589);
#452=LINE('',#2226,#590);
#453=LINE('',#2230,#591);
#454=LINE('',#2234,#592);
#455=LINE('',#2238,#593);
#456=LINE('',#2242,#594);
#457=LINE('',#2248,#595);
#458=LINE('',#2264,#596);
#459=LINE('',#2280,#597);
#460=LINE('',#2296,#598);
#461=LINE('',#2309,#599);
#462=LINE('',#2312,#600);
#463=LINE('',#2315,#601);
#464=LINE('',#2316,#602);
#465=LINE('',#2319,#603);
#466=LINE('',#2323,#604);
#467=LINE('',#2324,#605);
#468=LINE('',#2327,#606);
#469=LINE('',#2331,#607);
#470=LINE('',#2332,#608);
#471=LINE('',#2335,#609);
#472=LINE('',#2338,#610);
#473=LINE('',#2343,#611);
#474=LINE('',#2345,#612);
#475=LINE('',#2347,#613);
#476=LINE('',#2348,#614);
#477=LINE('',#2367,#615);
#478=LINE('',#2370,#616);
#479=LINE('',#2372,#617);
#480=LINE('',#2373,#618);
#481=LINE('',#2376,#619);
#482=LINE('',#2378,#620);
#483=LINE('',#2379,#621);
#484=LINE('',#2382,#622);
#485=LINE('',#2384,#623);
#486=LINE('',#2385,#624);
#487=LINE('',#2404,#625);
#488=LINE('',#2423,#626);
#489=LINE('',#2442,#627);
#490=LINE('',#2461,#628);
#491=LINE('',#2480,#629);
#492=LINE('',#2483,#630);
#493=LINE('',#2485,#631);
#494=LINE('',#2486,#632);
#495=LINE('',#2489,#633);
#496=LINE('',#2491,#634);
#497=LINE('',#2492,#635);
#498=LINE('',#2511,#636);
#499=LINE('',#2530,#637);
#500=LINE('',#2549,#638);
#501=LINE('',#2568,#639);
#502=LINE('',#2571,#640);
#503=LINE('',#2573,#641);
#504=LINE('',#2574,#642);
#505=LINE('',#2577,#643);
#506=LINE('',#2579,#644);
#507=LINE('',#2580,#645);
#508=LINE('',#2599,#646);
#509=LINE('',#2618,#647);
#510=LINE('',#2637,#648);
#511=LINE('',#2656,#649);
#512=LINE('',#2675,#650);
#513=LINE('',#2678,#651);
#514=LINE('',#2680,#652);
#515=LINE('',#2681,#653);
#516=LINE('',#2684,#654);
#517=LINE('',#2686,#655);
#518=LINE('',#2687,#656);
#519=LINE('',#2706,#657);
#520=LINE('',#2709,#658);
#521=LINE('',#2711,#659);
#522=LINE('',#2712,#660);
#523=LINE('',#2731,#661);
#524=LINE('',#2734,#662);
#525=LINE('',#2736,#663);
#526=LINE('',#2737,#664);
#527=LINE('',#2756,#665);
#528=LINE('',#2759,#666);
#529=LINE('',#2761,#667);
#530=LINE('',#2762,#668);
#531=LINE('',#2784,#669);
#532=LINE('',#2786,#670);
#533=LINE('',#2788,#671);
#534=LINE('',#2789,#672);
#535=LINE('',#2792,#673);
#536=LINE('',#2794,#674);
#537=LINE('',#2795,#675);
#538=LINE('',#2798,#676);
#539=LINE('',#2800,#677);
#540=LINE('',#2801,#678);
#541=LINE('',#2803,#679);
#542=LINE('',#2804,#680);
#543=LINE('',#2810,#681);
#544=LINE('',#2812,#682);
#545=LINE('',#2814,#683);
#546=LINE('',#2815,#684);
#547=LINE('',#2818,#685);
#548=LINE('',#2820,#686);
#549=LINE('',#2821,#687);
#550=LINE('',#2824,#688);
#551=LINE('',#2826,#689);
#552=LINE('',#2827,#690);
#553=LINE('',#2829,#691);
#554=LINE('',#2830,#692);
#555=LINE('',#2848,#693);
#556=LINE('',#2854,#694);
#557=LINE('',#2873,#695);
#558=LINE('',#2892,#696);
#559=LINE('',#2924,#697);
#560=LINE('',#2930,#698);
#561=LINE('',#2949,#699);
#562=LINE('',#2968,#700);
#563=LINE('',#3002,#701);
#564=LINE('',#3008,#702);
#565=LINE('',#3027,#703);
#566=LINE('',#3036,#704);
#567=LINE('',#3039,#705);
#568=LINE('',#3054,#706);
#569=VECTOR('',#1811,10.);
#570=VECTOR('',#1814,10.);
#571=VECTOR('',#1819,10.);
#572=VECTOR('',#1820,10.);
#573=VECTOR('',#1825,10.);
#574=VECTOR('',#1826,10.);
#575=VECTOR('',#1831,10.);
#576=VECTOR('',#1832,10.);
#577=VECTOR('',#1835,10.);
#578=VECTOR('',#1836,10.);
#579=VECTOR('',#1837,10.);
#580=VECTOR('',#1840,10.);
#581=VECTOR('',#1841,10.);
#582=VECTOR('',#1844,10.);
#583=VECTOR('',#1847,10.);
#584=VECTOR('',#1850,10.);
#585=VECTOR('',#1853,10.);
#586=VECTOR('',#1872,2.04999999999998);
#587=VECTOR('',#1877,2.05);
#588=VECTOR('',#1880,10.);
#589=VECTOR('',#1881,10.);
#590=VECTOR('',#1884,10.);
#591=VECTOR('',#1889,1.75000000000001);
#592=VECTOR('',#1894,1.74999999999999);
#593=VECTOR('',#1899,1.75000000000001);
#594=VECTOR('',#1904,1.75);
#595=VECTOR('',#1911,10.);
#596=VECTOR('',#1920,10.);
#597=VECTOR('',#1929,10.);
#598=VECTOR('',#1938,10.);
#599=VECTOR('',#1943,10.);
#600=VECTOR('',#1946,10.);
#601=VECTOR('',#1949,10.);
#602=VECTOR('',#1950,10.);
#603=VECTOR('',#1953,10.);
#604=VECTOR('',#1958,10.);
#605=VECTOR('',#1959,10.);
#606=VECTOR('',#1962,10.);
#607=VECTOR('',#1967,10.);
#608=VECTOR('',#1968,10.);
#609=VECTOR('',#1971,10.);
#610=VECTOR('',#1976,10.);
#611=VECTOR('',#1981,10.);
#612=VECTOR('',#1982,10.);
#613=VECTOR('',#1983,10.);
#614=VECTOR('',#1984,10.);
#615=VECTOR('',#1985,10.);
#616=VECTOR('',#1988,10.);
#617=VECTOR('',#1989,10.);
#618=VECTOR('',#1990,10.);
#619=VECTOR('',#1993,10.);
#620=VECTOR('',#1994,10.);
#621=VECTOR('',#1995,10.);
#622=VECTOR('',#1998,10.);
#623=VECTOR('',#1999,10.);
#624=VECTOR('',#2000,10.);
#625=VECTOR('',#2001,10.);
#626=VECTOR('',#2002,10.);
#627=VECTOR('',#2003,10.);
#628=VECTOR('',#2004,10.);
#629=VECTOR('',#2005,10.);
#630=VECTOR('',#2008,10.);
#631=VECTOR('',#2009,10.);
#632=VECTOR('',#2010,10.);
#633=VECTOR('',#2013,10.);
#634=VECTOR('',#2014,10.);
#635=VECTOR('',#2015,10.);
#636=VECTOR('',#2016,10.);
#637=VECTOR('',#2017,10.);
#638=VECTOR('',#2018,10.);
#639=VECTOR('',#2019,10.);
#640=VECTOR('',#2022,10.);
#641=VECTOR('',#2023,10.);
#642=VECTOR('',#2024,10.);
#643=VECTOR('',#2027,10.);
#644=VECTOR('',#2028,10.);
#645=VECTOR('',#2029,10.);
#646=VECTOR('',#2030,10.);
#647=VECTOR('',#2031,10.);
#648=VECTOR('',#2032,10.);
#649=VECTOR('',#2033,10.);
#650=VECTOR('',#2034,10.);
#651=VECTOR('',#2037,10.);
#652=VECTOR('',#2038,10.);
#653=VECTOR('',#2039,10.);
#654=VECTOR('',#2042,10.);
#655=VECTOR('',#2043,10.);
#656=VECTOR('',#2044,10.);
#657=VECTOR('',#2045,10.);
#658=VECTOR('',#2048,10.);
#659=VECTOR('',#2049,10.);
#660=VECTOR('',#2050,10.);
#661=VECTOR('',#2051,10.);
#662=VECTOR('',#2054,10.);
#663=VECTOR('',#2055,10.);
#664=VECTOR('',#2056,10.);
#665=VECTOR('',#2057,10.);
#666=VECTOR('',#2060,10.);
#667=VECTOR('',#2061,10.);
#668=VECTOR('',#2062,10.);
#669=VECTOR('',#2069,10.);
#670=VECTOR('',#2070,10.);
#671=VECTOR('',#2071,10.);
#672=VECTOR('',#2072,10.);
#673=VECTOR('',#2075,10.);
#674=VECTOR('',#2076,10.);
#675=VECTOR('',#2077,10.);
#676=VECTOR('',#2080,10.);
#677=VECTOR('',#2081,10.);
#678=VECTOR('',#2082,10.);
#679=VECTOR('',#2085,10.);
#680=VECTOR('',#2086,10.);
#681=VECTOR('',#2093,10.);
#682=VECTOR('',#2094,10.);
#683=VECTOR('',#2095,10.);
#684=VECTOR('',#2096,10.);
#685=VECTOR('',#2099,10.);
#686=VECTOR('',#2100,10.);
#687=VECTOR('',#2101,10.);
#688=VECTOR('',#2104,10.);
#689=VECTOR('',#2105,10.);
#690=VECTOR('',#2106,10.);
#691=VECTOR('',#2109,10.);
#692=VECTOR('',#2110,10.);
#693=VECTOR('',#2115,10.);
#694=VECTOR('',#2116,10.);
#695=VECTOR('',#2117,10.);
#696=VECTOR('',#2118,10.);
#697=VECTOR('',#2119,10.);
#698=VECTOR('',#2120,10.);
#699=VECTOR('',#2121,10.);
#700=VECTOR('',#2122,10.);
#701=VECTOR('',#2127,10.);
#702=VECTOR('',#2128,10.);
#703=VECTOR('',#2129,10.);
#704=VECTOR('',#2140,10.);
#705=VECTOR('',#2143,10.);
#706=VECTOR('',#2144,10.);
#707=VERTEX_POINT('',#2151);
#708=VERTEX_POINT('',#2152);
#709=VERTEX_POINT('',#2154);
#710=VERTEX_POINT('',#2156);
#711=VERTEX_POINT('',#2160);
#712=VERTEX_POINT('',#2162);
#713=VERTEX_POINT('',#2166);
#714=VERTEX_POINT('',#2168);
#715=VERTEX_POINT('',#2175);
#716=VERTEX_POINT('',#2177);
#717=VERTEX_POINT('',#2181);
#718=VERTEX_POINT('',#2185);
#719=VERTEX_POINT('',#2186);
#720=VERTEX_POINT('',#2188);
#721=VERTEX_POINT('',#2190);
#722=VERTEX_POINT('',#2192);
#723=VERTEX_POINT('',#2194);
#724=VERTEX_POINT('',#2196);
#725=VERTEX_POINT('',#2198);
#726=VERTEX_POINT('',#2201);
#727=VERTEX_POINT('',#2203);
#728=VERTEX_POINT('',#2205);
#729=VERTEX_POINT('',#2207);
#730=VERTEX_POINT('',#2209);
#731=VERTEX_POINT('',#2211);
#732=VERTEX_POINT('',#2214);
#733=VERTEX_POINT('',#2218);
#734=VERTEX_POINT('',#2222);
#735=VERTEX_POINT('',#2228);
#736=VERTEX_POINT('',#2232);
#737=VERTEX_POINT('',#2236);
#738=VERTEX_POINT('',#2240);
#739=VERTEX_POINT('',#2244);
#740=VERTEX_POINT('',#2246);
#741=VERTEX_POINT('',#2258);
#742=VERTEX_POINT('',#2262);
#743=VERTEX_POINT('',#2274);
#744=VERTEX_POINT('',#2278);
#745=VERTEX_POINT('',#2290);
#746=VERTEX_POINT('',#2294);
#747=VERTEX_POINT('',#2308);
#748=VERTEX_POINT('',#2310);
#749=VERTEX_POINT('',#2314);
#750=VERTEX_POINT('',#2318);
#751=VERTEX_POINT('',#2322);
#752=VERTEX_POINT('',#2326);
#753=VERTEX_POINT('',#2330);
#754=VERTEX_POINT('',#2334);
#755=VERTEX_POINT('',#2341);
#756=VERTEX_POINT('',#2342);
#757=VERTEX_POINT('',#2344);
#758=VERTEX_POINT('',#2346);
#759=VERTEX_POINT('',#2357);
#760=VERTEX_POINT('',#2362);
#761=VERTEX_POINT('',#2369);
#762=VERTEX_POINT('',#2371);
#763=VERTEX_POINT('',#2375);
#764=VERTEX_POINT('',#2377);
#765=VERTEX_POINT('',#2381);
#766=VERTEX_POINT('',#2383);
#767=VERTEX_POINT('',#2394);
#768=VERTEX_POINT('',#2399);
#769=VERTEX_POINT('',#2413);
#770=VERTEX_POINT('',#2418);
#771=VERTEX_POINT('',#2432);
#772=VERTEX_POINT('',#2437);
#773=VERTEX_POINT('',#2451);
#774=VERTEX_POINT('',#2456);
#775=VERTEX_POINT('',#2470);
#776=VERTEX_POINT('',#2475);
#777=VERTEX_POINT('',#2482);
#778=VERTEX_POINT('',#2484);
#779=VERTEX_POINT('',#2488);
#780=VERTEX_POINT('',#2490);
#781=VERTEX_POINT('',#2501);
#782=VERTEX_POINT('',#2506);
#783=VERTEX_POINT('',#2520);
#784=VERTEX_POINT('',#2525);
#785=VERTEX_POINT('',#2539);
#786=VERTEX_POINT('',#2544);
#787=VERTEX_POINT('',#2558);
#788=VERTEX_POINT('',#2563);
#789=VERTEX_POINT('',#2570);
#790=VERTEX_POINT('',#2572);
#791=VERTEX_POINT('',#2576);
#792=VERTEX_POINT('',#2578);
#793=VERTEX_POINT('',#2589);
#794=VERTEX_POINT('',#2594);
#795=VERTEX_POINT('',#2608);
#796=VERTEX_POINT('',#2613);
#797=VERTEX_POINT('',#2627);
#798=VERTEX_POINT('',#2632);
#799=VERTEX_POINT('',#2646);
#800=VERTEX_POINT('',#2651);
#801=VERTEX_POINT('',#2665);
#802=VERTEX_POINT('',#2670);
#803=VERTEX_POINT('',#2677);
#804=VERTEX_POINT('',#2679);
#805=VERTEX_POINT('',#2683);
#806=VERTEX_POINT('',#2685);
#807=VERTEX_POINT('',#2696);
#808=VERTEX_POINT('',#2701);
#809=VERTEX_POINT('',#2708);
#810=VERTEX_POINT('',#2710);
#811=VERTEX_POINT('',#2721);
#812=VERTEX_POINT('',#2726);
#813=VERTEX_POINT('',#2733);
#814=VERTEX_POINT('',#2735);
#815=VERTEX_POINT('',#2746);
#816=VERTEX_POINT('',#2751);
#817=VERTEX_POINT('',#2758);
#818=VERTEX_POINT('',#2760);
#819=VERTEX_POINT('',#2782);
#820=VERTEX_POINT('',#2783);
#821=VERTEX_POINT('',#2785);
#822=VERTEX_POINT('',#2787);
#823=VERTEX_POINT('',#2791);
#824=VERTEX_POINT('',#2793);
#825=VERTEX_POINT('',#2797);
#826=VERTEX_POINT('',#2799);
#827=VERTEX_POINT('',#2808);
#828=VERTEX_POINT('',#2809);
#829=VERTEX_POINT('',#2811);
#830=VERTEX_POINT('',#2813);
#831=VERTEX_POINT('',#2817);
#832=VERTEX_POINT('',#2819);
#833=VERTEX_POINT('',#2823);
#834=VERTEX_POINT('',#2825);
#835=VERTEX_POINT('',#2841);
#836=VERTEX_POINT('',#2842);
#837=VERTEX_POINT('',#2847);
#838=VERTEX_POINT('',#2849);
#839=VERTEX_POINT('',#2863);
#840=VERTEX_POINT('',#2868);
#841=VERTEX_POINT('',#2882);
#842=VERTEX_POINT('',#2887);
#843=VERTEX_POINT('',#2917);
#844=VERTEX_POINT('',#2918);
#845=VERTEX_POINT('',#2923);
#846=VERTEX_POINT('',#2925);
#847=VERTEX_POINT('',#2939);
#848=VERTEX_POINT('',#2944);
#849=VERTEX_POINT('',#2958);
#850=VERTEX_POINT('',#2963);
#851=VERTEX_POINT('',#2995);
#852=VERTEX_POINT('',#2996);
#853=VERTEX_POINT('',#3001);
#854=VERTEX_POINT('',#3003);
#855=VERTEX_POINT('',#3017);
#856=VERTEX_POINT('',#3022);
#857=VERTEX_POINT('',#3032);
#858=VERTEX_POINT('',#3033);
#859=VERTEX_POINT('',#3035);
#860=VERTEX_POINT('',#3037);
#861=VERTEX_POINT('',#3046);
#862=VERTEX_POINT('',#3050);
#863=EDGE_CURVE('',#707,#708,#431,.T.);
#864=EDGE_CURVE('',#708,#709,#427,.T.);
#865=EDGE_CURVE('',#709,#710,#432,.T.);
#866=EDGE_CURVE('',#710,#707,#428,.T.);
#867=EDGE_CURVE('',#711,#709,#433,.T.);
#868=EDGE_CURVE('',#708,#712,#434,.T.);
#869=EDGE_CURVE('',#711,#712,#429,.T.);
#870=EDGE_CURVE('',#713,#707,#435,.T.);
#871=EDGE_CURVE('',#710,#714,#436,.T.);
#872=EDGE_CURVE('',#714,#713,#430,.T.);
#873=EDGE_CURVE('',#712,#713,#437,.T.);
#874=EDGE_CURVE('',#714,#711,#438,.T.);
#875=EDGE_CURVE('',#715,#710,#439,.T.);
#876=EDGE_CURVE('',#716,#715,#440,.T.);
#877=EDGE_CURVE('',#716,#714,#441,.T.);
#878=EDGE_CURVE('',#709,#717,#442,.T.);
#879=EDGE_CURVE('',#715,#717,#443,.T.);
#880=EDGE_CURVE('',#718,#719,#444,.T.);
#881=EDGE_CURVE('',#720,#718,#140,.T.);
#882=EDGE_CURVE('',#721,#720,#445,.T.);
#883=EDGE_CURVE('',#722,#721,#141,.T.);
#884=EDGE_CURVE('',#723,#722,#446,.T.);
#885=EDGE_CURVE('',#724,#723,#142,.T.);
#886=EDGE_CURVE('',#725,#724,#447,.T.);
#887=EDGE_CURVE('',#719,#725,#143,.T.);
#888=EDGE_CURVE('',#726,#726,#144,.T.);
#889=EDGE_CURVE('',#727,#727,#145,.T.);
#890=EDGE_CURVE('',#728,#728,#146,.T.);
#891=EDGE_CURVE('',#729,#729,#147,.T.);
#892=EDGE_CURVE('',#730,#730,#148,.T.);
#893=EDGE_CURVE('',#731,#731,#149,.T.);
#894=EDGE_CURVE('',#732,#732,#150,.T.);
#895=EDGE_CURVE('',#732,#731,#448,.T.);
#896=EDGE_CURVE('',#733,#733,#151,.T.);
#897=EDGE_CURVE('',#733,#730,#449,.T.);
#898=EDGE_CURVE('',#734,#716,#450,.T.);
#899=EDGE_CURVE('',#734,#711,#451,.T.);
#900=EDGE_CURVE('',#717,#734,#452,.T.);
#901=EDGE_CURVE('',#735,#735,#152,.T.);
#902=EDGE_CURVE('',#735,#729,#453,.T.);
#903=EDGE_CURVE('',#736,#736,#153,.T.);
#904=EDGE_CURVE('',#736,#728,#454,.T.);
#905=EDGE_CURVE('',#737,#737,#154,.T.);
#906=EDGE_CURVE('',#737,#727,#455,.T.);
#907=EDGE_CURVE('',#738,#738,#155,.T.);
#908=EDGE_CURVE('',#738,#726,#456,.T.);
#909=EDGE_CURVE('',#739,#718,#156,.T.);
#910=EDGE_CURVE('',#719,#740,#157,.T.);
#911=EDGE_CURVE('',#740,#739,#457,.T.);
#912=EDGE_CURVE('',#725,#741,#158,.T.);
#913=EDGE_CURVE('',#741,#740,#159,.T.);
#914=EDGE_CURVE('',#724,#742,#160,.T.);
#915=EDGE_CURVE('',#742,#741,#458,.T.);
#916=EDGE_CURVE('',#723,#743,#161,.T.);
#917=EDGE_CURVE('',#743,#742,#162,.T.);
#918=EDGE_CURVE('',#722,#744,#163,.T.);
#919=EDGE_CURVE('',#744,#743,#459,.T.);
#920=EDGE_CURVE('',#721,#745,#164,.T.);
#921=EDGE_CURVE('',#745,#744,#165,.T.);
#922=EDGE_CURVE('',#720,#746,#166,.T.);
#923=EDGE_CURVE('',#746,#745,#460,.T.);
#924=EDGE_CURVE('',#739,#746,#167,.T.);
#925=EDGE_CURVE('',#745,#747,#461,.T.);
#926=EDGE_CURVE('',#747,#748,#168,.T.);
#927=EDGE_CURVE('',#748,#744,#462,.T.);
#928=EDGE_CURVE('',#749,#746,#463,.T.);
#929=EDGE_CURVE('',#749,#747,#464,.T.);
#930=EDGE_CURVE('',#739,#750,#465,.T.);
#931=EDGE_CURVE('',#750,#749,#169,.T.);
#932=EDGE_CURVE('',#751,#740,#466,.T.);
#933=EDGE_CURVE('',#751,#750,#467,.T.);
#934=EDGE_CURVE('',#741,#752,#468,.T.);
#935=EDGE_CURVE('',#752,#751,#170,.T.);
#936=EDGE_CURVE('',#753,#742,#469,.T.);
#937=EDGE_CURVE('',#753,#752,#470,.T.);
#938=EDGE_CURVE('',#743,#754,#471,.T.);
#939=EDGE_CURVE('',#754,#753,#171,.T.);
#940=EDGE_CURVE('',#748,#754,#472,.T.);
#941=EDGE_CURVE('',#755,#756,#473,.T.);
#942=EDGE_CURVE('',#756,#757,#474,.T.);
#943=EDGE_CURVE('',#758,#757,#475,.T.);
#944=EDGE_CURVE('',#755,#758,#476,.T.);
#945=EDGE_CURVE('',#759,#755,#19,.T.);
#946=EDGE_CURVE('',#760,#758,#20,.T.);
#947=EDGE_CURVE('',#759,#760,#477,.T.);
#948=EDGE_CURVE('',#761,#759,#478,.T.);
#949=EDGE_CURVE('',#762,#760,#479,.T.);
#950=EDGE_CURVE('',#761,#762,#480,.T.);
#951=EDGE_CURVE('',#763,#761,#481,.T.);
#952=EDGE_CURVE('',#764,#762,#482,.T.);
#953=EDGE_CURVE('',#763,#764,#483,.T.);
#954=EDGE_CURVE('',#765,#763,#484,.T.);
#955=EDGE_CURVE('',#766,#764,#485,.T.);
#956=EDGE_CURVE('',#765,#766,#486,.T.);
#957=EDGE_CURVE('',#767,#765,#21,.T.);
#958=EDGE_CURVE('',#768,#766,#22,.T.);
#959=EDGE_CURVE('',#767,#768,#487,.T.);
#960=EDGE_CURVE('',#769,#767,#23,.T.);
#961=EDGE_CURVE('',#770,#768,#24,.T.);
#962=EDGE_CURVE('',#769,#770,#488,.T.);
#963=EDGE_CURVE('',#771,#769,#25,.T.);
#964=EDGE_CURVE('',#772,#770,#26,.T.);
#965=EDGE_CURVE('',#771,#772,#489,.T.);
#966=EDGE_CURVE('',#773,#771,#27,.T.);
#967=EDGE_CURVE('',#774,#772,#28,.T.);
#968=EDGE_CURVE('',#773,#774,#490,.T.);
#969=EDGE_CURVE('',#775,#773,#29,.T.);
#970=EDGE_CURVE('',#776,#774,#30,.T.);
#971=EDGE_CURVE('',#775,#776,#491,.T.);
#972=EDGE_CURVE('',#777,#775,#492,.T.);
#973=EDGE_CURVE('',#778,#776,#493,.T.);
#974=EDGE_CURVE('',#777,#778,#494,.T.);
#975=EDGE_CURVE('',#779,#777,#495,.T.);
#976=EDGE_CURVE('',#780,#778,#496,.T.);
#977=EDGE_CURVE('',#779,#780,#497,.T.);
#978=EDGE_CURVE('',#781,#779,#31,.T.);
#979=EDGE_CURVE('',#782,#780,#32,.T.);
#980=EDGE_CURVE('',#781,#782,#498,.T.);
#981=EDGE_CURVE('',#783,#781,#33,.T.);
#982=EDGE_CURVE('',#784,#782,#34,.T.);
#983=EDGE_CURVE('',#783,#784,#499,.T.);
#984=EDGE_CURVE('',#785,#783,#35,.T.);
#985=EDGE_CURVE('',#786,#784,#36,.T.);
#986=EDGE_CURVE('',#785,#786,#500,.T.);
#987=EDGE_CURVE('',#787,#785,#37,.T.);
#988=EDGE_CURVE('',#788,#786,#38,.T.);
#989=EDGE_CURVE('',#787,#788,#501,.T.);
#990=EDGE_CURVE('',#789,#787,#502,.T.);
#991=EDGE_CURVE('',#790,#788,#503,.T.);
#992=EDGE_CURVE('',#789,#790,#504,.T.);
#993=EDGE_CURVE('',#791,#789,#505,.T.);
#994=EDGE_CURVE('',#792,#790,#506,.T.);
#995=EDGE_CURVE('',#791,#792,#507,.T.);
#996=EDGE_CURVE('',#793,#791,#39,.T.);
#997=EDGE_CURVE('',#794,#792,#40,.T.);
#998=EDGE_CURVE('',#793,#794,#508,.T.);
#999=EDGE_CURVE('',#795,#793,#41,.T.);
#1000=EDGE_CURVE('',#796,#794,#42,.T.);
#1001=EDGE_CURVE('',#795,#796,#509,.T.);
#1002=EDGE_CURVE('',#797,#795,#43,.T.);
#1003=EDGE_CURVE('',#798,#796,#44,.T.);
#1004=EDGE_CURVE('',#797,#798,#510,.T.);
#1005=EDGE_CURVE('',#799,#797,#45,.T.);
#1006=EDGE_CURVE('',#800,#798,#46,.T.);
#1007=EDGE_CURVE('',#799,#800,#511,.T.);
#1008=EDGE_CURVE('',#801,#799,#47,.T.);
#1009=EDGE_CURVE('',#802,#800,#48,.T.);
#1010=EDGE_CURVE('',#801,#802,#512,.T.);
#1011=EDGE_CURVE('',#803,#801,#513,.T.);
#1012=EDGE_CURVE('',#804,#802,#514,.T.);
#1013=EDGE_CURVE('',#803,#804,#515,.T.);
#1014=EDGE_CURVE('',#805,#803,#516,.T.);
#1015=EDGE_CURVE('',#806,#804,#517,.T.);
#1016=EDGE_CURVE('',#805,#806,#518,.T.);
#1017=EDGE_CURVE('',#807,#805,#49,.T.);
#1018=EDGE_CURVE('',#808,#806,#50,.T.);
#1019=EDGE_CURVE('',#807,#808,#519,.T.);
#1020=EDGE_CURVE('',#809,#807,#520,.T.);
#1021=EDGE_CURVE('',#810,#808,#521,.T.);
#1022=EDGE_CURVE('',#809,#810,#522,.T.);
#1023=EDGE_CURVE('',#811,#809,#51,.T.);
#1024=EDGE_CURVE('',#812,#810,#52,.T.);
#1025=EDGE_CURVE('',#811,#812,#523,.T.);
#1026=EDGE_CURVE('',#813,#811,#524,.T.);
#1027=EDGE_CURVE('',#814,#812,#525,.T.);
#1028=EDGE_CURVE('',#813,#814,#526,.T.);
#1029=EDGE_CURVE('',#815,#813,#53,.T.);
#1030=EDGE_CURVE('',#816,#814,#54,.T.);
#1031=EDGE_CURVE('',#815,#816,#527,.T.);
#1032=EDGE_CURVE('',#817,#815,#528,.T.);
#1033=EDGE_CURVE('',#818,#816,#529,.T.);
#1034=EDGE_CURVE('',#817,#818,#530,.T.);
#1035=EDGE_CURVE('',#756,#817,#55,.T.);
#1036=EDGE_CURVE('',#757,#818,#56,.T.);
#1037=EDGE_CURVE('',#819,#820,#531,.T.);
#1038=EDGE_CURVE('',#820,#821,#532,.T.);
#1039=EDGE_CURVE('',#822,#821,#533,.T.);
#1040=EDGE_CURVE('',#819,#822,#534,.T.);
#1041=EDGE_CURVE('',#823,#819,#535,.T.);
#1042=EDGE_CURVE('',#824,#822,#536,.T.);
#1043=EDGE_CURVE('',#823,#824,#537,.T.);
#1044=EDGE_CURVE('',#825,#823,#538,.T.);
#1045=EDGE_CURVE('',#826,#824,#539,.T.);
#1046=EDGE_CURVE('',#825,#826,#540,.T.);
#1047=EDGE_CURVE('',#820,#825,#541,.T.);
#1048=EDGE_CURVE('',#821,#826,#542,.T.);
#1049=EDGE_CURVE('',#827,#828,#543,.T.);
#1050=EDGE_CURVE('',#828,#829,#544,.T.);
#1051=EDGE_CURVE('',#830,#829,#545,.T.);
#1052=EDGE_CURVE('',#827,#830,#546,.T.);
#1053=EDGE_CURVE('',#831,#827,#547,.T.);
#1054=EDGE_CURVE('',#832,#830,#548,.T.);
#1055=EDGE_CURVE('',#831,#832,#549,.T.);
#1056=EDGE_CURVE('',#833,#831,#550,.T.);
#1057=EDGE_CURVE('',#834,#832,#551,.T.);
#1058=EDGE_CURVE('',#833,#834,#552,.T.);
#1059=EDGE_CURVE('',#828,#833,#553,.T.);
#1060=EDGE_CURVE('',#829,#834,#554,.T.);
#1061=EDGE_CURVE('',#835,#836,#57,.T.);
#1062=EDGE_CURVE('',#836,#837,#555,.T.);
#1063=EDGE_CURVE('',#838,#837,#58,.T.);
#1064=EDGE_CURVE('',#835,#838,#556,.T.);
#1065=EDGE_CURVE('',#839,#835,#59,.T.);
#1066=EDGE_CURVE('',#840,#838,#60,.T.);
#1067=EDGE_CURVE('',#839,#840,#557,.T.);
#1068=EDGE_CURVE('',#841,#839,#61,.T.);
#1069=EDGE_CURVE('',#842,#840,#62,.T.);
#1070=EDGE_CURVE('',#841,#842,#558,.T.);
#1071=EDGE_CURVE('',#836,#841,#63,.T.);
#1072=EDGE_CURVE('',#837,#842,#64,.T.);
#1073=EDGE_CURVE('',#843,#844,#65,.T.);
#1074=EDGE_CURVE('',#843,#845,#559,.T.);
#1075=EDGE_CURVE('',#846,#845,#66,.T.);
#1076=EDGE_CURVE('',#844,#846,#560,.T.);
#1077=EDGE_CURVE('',#844,#847,#67,.T.);
#1078=EDGE_CURVE('',#848,#846,#68,.T.);
#1079=EDGE_CURVE('',#847,#848,#561,.T.);
#1080=EDGE_CURVE('',#847,#849,#69,.T.);
#1081=EDGE_CURVE('',#850,#848,#70,.T.);
#1082=EDGE_CURVE('',#849,#850,#562,.T.);
#1083=EDGE_CURVE('',#849,#843,#71,.T.);
#1084=EDGE_CURVE('',#845,#850,#72,.T.);
#1085=EDGE_CURVE('',#851,#852,#73,.T.);
#1086=EDGE_CURVE('',#852,#853,#563,.T.);
#1087=EDGE_CURVE('',#854,#853,#74,.T.);
#1088=EDGE_CURVE('',#851,#854,#564,.T.);
#1089=EDGE_CURVE('',#855,#851,#75,.T.);
#1090=EDGE_CURVE('',#856,#854,#76,.T.);
#1091=EDGE_CURVE('',#855,#856,#565,.T.);
#1092=EDGE_CURVE('',#852,#855,#172,.T.);
#1093=EDGE_CURVE('',#853,#856,#173,.T.);
#1094=EDGE_CURVE('',#857,#858,#174,.T.);
#1095=EDGE_CURVE('',#857,#859,#566,.T.);
#1096=EDGE_CURVE('',#860,#859,#175,.T.);
#1097=EDGE_CURVE('',#858,#860,#567,.T.);
#1098=EDGE_CURVE('',#861,#858,#13,.T.);
#1099=EDGE_CURVE('',#862,#860,#14,.T.);
#1100=EDGE_CURVE('',#861,#862,#568,.T.);
#1101=EDGE_CURVE('',#857,#861,#15,.T.);
#1102=EDGE_CURVE('',#859,#862,#16,.T.);
#1103=ORIENTED_EDGE('',*,*,#863,.T.);
#1104=ORIENTED_EDGE('',*,*,#864,.T.);
#1105=ORIENTED_EDGE('',*,*,#865,.T.);
#1106=ORIENTED_EDGE('',*,*,#866,.T.);
#1107=ORIENTED_EDGE('',*,*,#867,.T.);
#1108=ORIENTED_EDGE('',*,*,#864,.F.);
#1109=ORIENTED_EDGE('',*,*,#868,.T.);
#1110=ORIENTED_EDGE('',*,*,#869,.F.);
#1111=ORIENTED_EDGE('',*,*,#870,.T.);
#1112=ORIENTED_EDGE('',*,*,#866,.F.);
#1113=ORIENTED_EDGE('',*,*,#871,.T.);
#1114=ORIENTED_EDGE('',*,*,#872,.T.);
#1115=ORIENTED_EDGE('',*,*,#873,.T.);
#1116=ORIENTED_EDGE('',*,*,#872,.F.);
#1117=ORIENTED_EDGE('',*,*,#874,.T.);
#1118=ORIENTED_EDGE('',*,*,#869,.T.);
#1119=ORIENTED_EDGE('',*,*,#871,.F.);
#1120=ORIENTED_EDGE('',*,*,#875,.F.);
#1121=ORIENTED_EDGE('',*,*,#876,.F.);
#1122=ORIENTED_EDGE('',*,*,#877,.T.);
#1123=ORIENTED_EDGE('',*,*,#865,.F.);
#1124=ORIENTED_EDGE('',*,*,#878,.T.);
#1125=ORIENTED_EDGE('',*,*,#879,.F.);
#1126=ORIENTED_EDGE('',*,*,#875,.T.);
#1127=ORIENTED_EDGE('',*,*,#880,.F.);
#1128=ORIENTED_EDGE('',*,*,#881,.F.);
#1129=ORIENTED_EDGE('',*,*,#882,.F.);
#1130=ORIENTED_EDGE('',*,*,#883,.F.);
#1131=ORIENTED_EDGE('',*,*,#884,.F.);
#1132=ORIENTED_EDGE('',*,*,#885,.F.);
#1133=ORIENTED_EDGE('',*,*,#886,.F.);
#1134=ORIENTED_EDGE('',*,*,#887,.F.);
#1135=ORIENTED_EDGE('',*,*,#888,.T.);
#1136=ORIENTED_EDGE('',*,*,#889,.T.);
#1137=ORIENTED_EDGE('',*,*,#890,.T.);
#1138=ORIENTED_EDGE('',*,*,#891,.T.);
#1139=ORIENTED_EDGE('',*,*,#892,.T.);
#1140=ORIENTED_EDGE('',*,*,#893,.T.);
#1141=ORIENTED_EDGE('',*,*,#863,.F.);
#1142=ORIENTED_EDGE('',*,*,#870,.F.);
#1143=ORIENTED_EDGE('',*,*,#873,.F.);
#1144=ORIENTED_EDGE('',*,*,#868,.F.);
#1145=ORIENTED_EDGE('',*,*,#894,.F.);
#1146=ORIENTED_EDGE('',*,*,#895,.T.);
#1147=ORIENTED_EDGE('',*,*,#893,.F.);
#1148=ORIENTED_EDGE('',*,*,#895,.F.);
#1149=ORIENTED_EDGE('',*,*,#896,.F.);
#1150=ORIENTED_EDGE('',*,*,#897,.T.);
#1151=ORIENTED_EDGE('',*,*,#892,.F.);
#1152=ORIENTED_EDGE('',*,*,#897,.F.);
#1153=ORIENTED_EDGE('',*,*,#874,.F.);
#1154=ORIENTED_EDGE('',*,*,#877,.F.);
#1155=ORIENTED_EDGE('',*,*,#898,.F.);
#1156=ORIENTED_EDGE('',*,*,#899,.T.);
#1157=ORIENTED_EDGE('',*,*,#867,.F.);
#1158=ORIENTED_EDGE('',*,*,#899,.F.);
#1159=ORIENTED_EDGE('',*,*,#900,.F.);
#1160=ORIENTED_EDGE('',*,*,#878,.F.);
#1161=ORIENTED_EDGE('',*,*,#901,.F.);
#1162=ORIENTED_EDGE('',*,*,#902,.T.);
#1163=ORIENTED_EDGE('',*,*,#891,.F.);
#1164=ORIENTED_EDGE('',*,*,#902,.F.);
#1165=ORIENTED_EDGE('',*,*,#903,.F.);
#1166=ORIENTED_EDGE('',*,*,#904,.T.);
#1167=ORIENTED_EDGE('',*,*,#890,.F.);
#1168=ORIENTED_EDGE('',*,*,#904,.F.);
#1169=ORIENTED_EDGE('',*,*,#905,.F.);
#1170=ORIENTED_EDGE('',*,*,#906,.T.);
#1171=ORIENTED_EDGE('',*,*,#889,.F.);
#1172=ORIENTED_EDGE('',*,*,#906,.F.);
#1173=ORIENTED_EDGE('',*,*,#907,.F.);
#1174=ORIENTED_EDGE('',*,*,#908,.T.);
#1175=ORIENTED_EDGE('',*,*,#888,.F.);
#1176=ORIENTED_EDGE('',*,*,#908,.F.);
#1177=ORIENTED_EDGE('',*,*,#909,.T.);
#1178=ORIENTED_EDGE('',*,*,#880,.T.);
#1179=ORIENTED_EDGE('',*,*,#910,.T.);
#1180=ORIENTED_EDGE('',*,*,#911,.T.);
#1181=ORIENTED_EDGE('',*,*,#912,.T.);
#1182=ORIENTED_EDGE('',*,*,#913,.T.);
#1183=ORIENTED_EDGE('',*,*,#910,.F.);
#1184=ORIENTED_EDGE('',*,*,#887,.T.);
#1185=ORIENTED_EDGE('',*,*,#914,.T.);
#1186=ORIENTED_EDGE('',*,*,#915,.T.);
#1187=ORIENTED_EDGE('',*,*,#912,.F.);
#1188=ORIENTED_EDGE('',*,*,#886,.T.);
#1189=ORIENTED_EDGE('',*,*,#916,.T.);
#1190=ORIENTED_EDGE('',*,*,#917,.T.);
#1191=ORIENTED_EDGE('',*,*,#914,.F.);
#1192=ORIENTED_EDGE('',*,*,#885,.T.);
#1193=ORIENTED_EDGE('',*,*,#918,.T.);
#1194=ORIENTED_EDGE('',*,*,#919,.T.);
#1195=ORIENTED_EDGE('',*,*,#916,.F.);
#1196=ORIENTED_EDGE('',*,*,#884,.T.);
#1197=ORIENTED_EDGE('',*,*,#920,.T.);
#1198=ORIENTED_EDGE('',*,*,#921,.T.);
#1199=ORIENTED_EDGE('',*,*,#918,.F.);
#1200=ORIENTED_EDGE('',*,*,#883,.T.);
#1201=ORIENTED_EDGE('',*,*,#922,.T.);
#1202=ORIENTED_EDGE('',*,*,#923,.T.);
#1203=ORIENTED_EDGE('',*,*,#920,.F.);
#1204=ORIENTED_EDGE('',*,*,#882,.T.);
#1205=ORIENTED_EDGE('',*,*,#909,.F.);
#1206=ORIENTED_EDGE('',*,*,#924,.T.);
#1207=ORIENTED_EDGE('',*,*,#922,.F.);
#1208=ORIENTED_EDGE('',*,*,#881,.T.);
#1209=ORIENTED_EDGE('',*,*,#921,.F.);
#1210=ORIENTED_EDGE('',*,*,#925,.T.);
#1211=ORIENTED_EDGE('',*,*,#926,.T.);
#1212=ORIENTED_EDGE('',*,*,#927,.T.);
#1213=ORIENTED_EDGE('',*,*,#923,.F.);
#1214=ORIENTED_EDGE('',*,*,#928,.F.);
#1215=ORIENTED_EDGE('',*,*,#929,.T.);
#1216=ORIENTED_EDGE('',*,*,#925,.F.);
#1217=ORIENTED_EDGE('',*,*,#924,.F.);
#1218=ORIENTED_EDGE('',*,*,#930,.T.);
#1219=ORIENTED_EDGE('',*,*,#931,.T.);
#1220=ORIENTED_EDGE('',*,*,#928,.T.);
#1221=ORIENTED_EDGE('',*,*,#911,.F.);
#1222=ORIENTED_EDGE('',*,*,#932,.F.);
#1223=ORIENTED_EDGE('',*,*,#933,.T.);
#1224=ORIENTED_EDGE('',*,*,#930,.F.);
#1225=ORIENTED_EDGE('',*,*,#913,.F.);
#1226=ORIENTED_EDGE('',*,*,#934,.T.);
#1227=ORIENTED_EDGE('',*,*,#935,.T.);
#1228=ORIENTED_EDGE('',*,*,#932,.T.);
#1229=ORIENTED_EDGE('',*,*,#915,.F.);
#1230=ORIENTED_EDGE('',*,*,#936,.F.);
#1231=ORIENTED_EDGE('',*,*,#937,.T.);
#1232=ORIENTED_EDGE('',*,*,#934,.F.);
#1233=ORIENTED_EDGE('',*,*,#917,.F.);
#1234=ORIENTED_EDGE('',*,*,#938,.T.);
#1235=ORIENTED_EDGE('',*,*,#939,.T.);
#1236=ORIENTED_EDGE('',*,*,#936,.T.);
#1237=ORIENTED_EDGE('',*,*,#919,.F.);
#1238=ORIENTED_EDGE('',*,*,#927,.F.);
#1239=ORIENTED_EDGE('',*,*,#940,.T.);
#1240=ORIENTED_EDGE('',*,*,#938,.F.);
#1241=ORIENTED_EDGE('',*,*,#935,.F.);
#1242=ORIENTED_EDGE('',*,*,#937,.F.);
#1243=ORIENTED_EDGE('',*,*,#939,.F.);
#1244=ORIENTED_EDGE('',*,*,#940,.F.);
#1245=ORIENTED_EDGE('',*,*,#926,.F.);
#1246=ORIENTED_EDGE('',*,*,#929,.F.);
#1247=ORIENTED_EDGE('',*,*,#931,.F.);
#1248=ORIENTED_EDGE('',*,*,#933,.F.);
#1249=ORIENTED_EDGE('',*,*,#894,.T.);
#1250=ORIENTED_EDGE('',*,*,#896,.T.);
#1251=ORIENTED_EDGE('',*,*,#879,.T.);
#1252=ORIENTED_EDGE('',*,*,#900,.T.);
#1253=ORIENTED_EDGE('',*,*,#898,.T.);
#1254=ORIENTED_EDGE('',*,*,#876,.T.);
#1255=ORIENTED_EDGE('',*,*,#901,.T.);
#1256=ORIENTED_EDGE('',*,*,#903,.T.);
#1257=ORIENTED_EDGE('',*,*,#905,.T.);
#1258=ORIENTED_EDGE('',*,*,#907,.T.);
#1259=ORIENTED_EDGE('',*,*,#941,.T.);
#1260=ORIENTED_EDGE('',*,*,#942,.T.);
#1261=ORIENTED_EDGE('',*,*,#943,.F.);
#1262=ORIENTED_EDGE('',*,*,#944,.F.);
#1263=ORIENTED_EDGE('',*,*,#945,.T.);
#1264=ORIENTED_EDGE('',*,*,#944,.T.);
#1265=ORIENTED_EDGE('',*,*,#946,.F.);
#1266=ORIENTED_EDGE('',*,*,#947,.F.);
#1267=ORIENTED_EDGE('',*,*,#948,.T.);
#1268=ORIENTED_EDGE('',*,*,#947,.T.);
#1269=ORIENTED_EDGE('',*,*,#949,.F.);
#1270=ORIENTED_EDGE('',*,*,#950,.F.);
#1271=ORIENTED_EDGE('',*,*,#951,.T.);
#1272=ORIENTED_EDGE('',*,*,#950,.T.);
#1273=ORIENTED_EDGE('',*,*,#952,.F.);
#1274=ORIENTED_EDGE('',*,*,#953,.F.);
#1275=ORIENTED_EDGE('',*,*,#954,.T.);
#1276=ORIENTED_EDGE('',*,*,#953,.T.);
#1277=ORIENTED_EDGE('',*,*,#955,.F.);
#1278=ORIENTED_EDGE('',*,*,#956,.F.);
#1279=ORIENTED_EDGE('',*,*,#957,.T.);
#1280=ORIENTED_EDGE('',*,*,#956,.T.);
#1281=ORIENTED_EDGE('',*,*,#958,.F.);
#1282=ORIENTED_EDGE('',*,*,#959,.F.);
#1283=ORIENTED_EDGE('',*,*,#960,.T.);
#1284=ORIENTED_EDGE('',*,*,#959,.T.);
#1285=ORIENTED_EDGE('',*,*,#961,.F.);
#1286=ORIENTED_EDGE('',*,*,#962,.F.);
#1287=ORIENTED_EDGE('',*,*,#963,.T.);
#1288=ORIENTED_EDGE('',*,*,#962,.T.);
#1289=ORIENTED_EDGE('',*,*,#964,.F.);
#1290=ORIENTED_EDGE('',*,*,#965,.F.);
#1291=ORIENTED_EDGE('',*,*,#966,.T.);
#1292=ORIENTED_EDGE('',*,*,#965,.T.);
#1293=ORIENTED_EDGE('',*,*,#967,.F.);
#1294=ORIENTED_EDGE('',*,*,#968,.F.);
#1295=ORIENTED_EDGE('',*,*,#969,.T.);
#1296=ORIENTED_EDGE('',*,*,#968,.T.);
#1297=ORIENTED_EDGE('',*,*,#970,.F.);
#1298=ORIENTED_EDGE('',*,*,#971,.F.);
#1299=ORIENTED_EDGE('',*,*,#972,.T.);
#1300=ORIENTED_EDGE('',*,*,#971,.T.);
#1301=ORIENTED_EDGE('',*,*,#973,.F.);
#1302=ORIENTED_EDGE('',*,*,#974,.F.);
#1303=ORIENTED_EDGE('',*,*,#975,.T.);
#1304=ORIENTED_EDGE('',*,*,#974,.T.);
#1305=ORIENTED_EDGE('',*,*,#976,.F.);
#1306=ORIENTED_EDGE('',*,*,#977,.F.);
#1307=ORIENTED_EDGE('',*,*,#978,.T.);
#1308=ORIENTED_EDGE('',*,*,#977,.T.);
#1309=ORIENTED_EDGE('',*,*,#979,.F.);
#1310=ORIENTED_EDGE('',*,*,#980,.F.);
#1311=ORIENTED_EDGE('',*,*,#981,.T.);
#1312=ORIENTED_EDGE('',*,*,#980,.T.);
#1313=ORIENTED_EDGE('',*,*,#982,.F.);
#1314=ORIENTED_EDGE('',*,*,#983,.F.);
#1315=ORIENTED_EDGE('',*,*,#984,.T.);
#1316=ORIENTED_EDGE('',*,*,#983,.T.);
#1317=ORIENTED_EDGE('',*,*,#985,.F.);
#1318=ORIENTED_EDGE('',*,*,#986,.F.);
#1319=ORIENTED_EDGE('',*,*,#987,.T.);
#1320=ORIENTED_EDGE('',*,*,#986,.T.);
#1321=ORIENTED_EDGE('',*,*,#988,.F.);
#1322=ORIENTED_EDGE('',*,*,#989,.F.);
#1323=ORIENTED_EDGE('',*,*,#990,.T.);
#1324=ORIENTED_EDGE('',*,*,#989,.T.);
#1325=ORIENTED_EDGE('',*,*,#991,.F.);
#1326=ORIENTED_EDGE('',*,*,#992,.F.);
#1327=ORIENTED_EDGE('',*,*,#993,.T.);
#1328=ORIENTED_EDGE('',*,*,#992,.T.);
#1329=ORIENTED_EDGE('',*,*,#994,.F.);
#1330=ORIENTED_EDGE('',*,*,#995,.F.);
#1331=ORIENTED_EDGE('',*,*,#996,.T.);
#1332=ORIENTED_EDGE('',*,*,#995,.T.);
#1333=ORIENTED_EDGE('',*,*,#997,.F.);
#1334=ORIENTED_EDGE('',*,*,#998,.F.);
#1335=ORIENTED_EDGE('',*,*,#999,.T.);
#1336=ORIENTED_EDGE('',*,*,#998,.T.);
#1337=ORIENTED_EDGE('',*,*,#1000,.F.);
#1338=ORIENTED_EDGE('',*,*,#1001,.F.);
#1339=ORIENTED_EDGE('',*,*,#1002,.T.);
#1340=ORIENTED_EDGE('',*,*,#1001,.T.);
#1341=ORIENTED_EDGE('',*,*,#1003,.F.);
#1342=ORIENTED_EDGE('',*,*,#1004,.F.);
#1343=ORIENTED_EDGE('',*,*,#1005,.T.);
#1344=ORIENTED_EDGE('',*,*,#1004,.T.);
#1345=ORIENTED_EDGE('',*,*,#1006,.F.);
#1346=ORIENTED_EDGE('',*,*,#1007,.F.);
#1347=ORIENTED_EDGE('',*,*,#1008,.T.);
#1348=ORIENTED_EDGE('',*,*,#1007,.T.);
#1349=ORIENTED_EDGE('',*,*,#1009,.F.);
#1350=ORIENTED_EDGE('',*,*,#1010,.F.);
#1351=ORIENTED_EDGE('',*,*,#1011,.T.);
#1352=ORIENTED_EDGE('',*,*,#1010,.T.);
#1353=ORIENTED_EDGE('',*,*,#1012,.F.);
#1354=ORIENTED_EDGE('',*,*,#1013,.F.);
#1355=ORIENTED_EDGE('',*,*,#1014,.T.);
#1356=ORIENTED_EDGE('',*,*,#1013,.T.);
#1357=ORIENTED_EDGE('',*,*,#1015,.F.);
#1358=ORIENTED_EDGE('',*,*,#1016,.F.);
#1359=ORIENTED_EDGE('',*,*,#1017,.T.);
#1360=ORIENTED_EDGE('',*,*,#1016,.T.);
#1361=ORIENTED_EDGE('',*,*,#1018,.F.);
#1362=ORIENTED_EDGE('',*,*,#1019,.F.);
#1363=ORIENTED_EDGE('',*,*,#1020,.T.);
#1364=ORIENTED_EDGE('',*,*,#1019,.T.);
#1365=ORIENTED_EDGE('',*,*,#1021,.F.);
#1366=ORIENTED_EDGE('',*,*,#1022,.F.);
#1367=ORIENTED_EDGE('',*,*,#1023,.T.);
#1368=ORIENTED_EDGE('',*,*,#1022,.T.);
#1369=ORIENTED_EDGE('',*,*,#1024,.F.);
#1370=ORIENTED_EDGE('',*,*,#1025,.F.);
#1371=ORIENTED_EDGE('',*,*,#1026,.T.);
#1372=ORIENTED_EDGE('',*,*,#1025,.T.);
#1373=ORIENTED_EDGE('',*,*,#1027,.F.);
#1374=ORIENTED_EDGE('',*,*,#1028,.F.);
#1375=ORIENTED_EDGE('',*,*,#1029,.T.);
#1376=ORIENTED_EDGE('',*,*,#1028,.T.);
#1377=ORIENTED_EDGE('',*,*,#1030,.F.);
#1378=ORIENTED_EDGE('',*,*,#1031,.F.);
#1379=ORIENTED_EDGE('',*,*,#1032,.T.);
#1380=ORIENTED_EDGE('',*,*,#1031,.T.);
#1381=ORIENTED_EDGE('',*,*,#1033,.F.);
#1382=ORIENTED_EDGE('',*,*,#1034,.F.);
#1383=ORIENTED_EDGE('',*,*,#1035,.T.);
#1384=ORIENTED_EDGE('',*,*,#1034,.T.);
#1385=ORIENTED_EDGE('',*,*,#1036,.F.);
#1386=ORIENTED_EDGE('',*,*,#942,.F.);
#1387=ORIENTED_EDGE('',*,*,#1036,.T.);
#1388=ORIENTED_EDGE('',*,*,#1033,.T.);
#1389=ORIENTED_EDGE('',*,*,#1030,.T.);
#1390=ORIENTED_EDGE('',*,*,#1027,.T.);
#1391=ORIENTED_EDGE('',*,*,#1024,.T.);
#1392=ORIENTED_EDGE('',*,*,#1021,.T.);
#1393=ORIENTED_EDGE('',*,*,#1018,.T.);
#1394=ORIENTED_EDGE('',*,*,#1015,.T.);
#1395=ORIENTED_EDGE('',*,*,#1012,.T.);
#1396=ORIENTED_EDGE('',*,*,#1009,.T.);
#1397=ORIENTED_EDGE('',*,*,#1006,.T.);
#1398=ORIENTED_EDGE('',*,*,#1003,.T.);
#1399=ORIENTED_EDGE('',*,*,#1000,.T.);
#1400=ORIENTED_EDGE('',*,*,#997,.T.);
#1401=ORIENTED_EDGE('',*,*,#994,.T.);
#1402=ORIENTED_EDGE('',*,*,#991,.T.);
#1403=ORIENTED_EDGE('',*,*,#988,.T.);
#1404=ORIENTED_EDGE('',*,*,#985,.T.);
#1405=ORIENTED_EDGE('',*,*,#982,.T.);
#1406=ORIENTED_EDGE('',*,*,#979,.T.);
#1407=ORIENTED_EDGE('',*,*,#976,.T.);
#1408=ORIENTED_EDGE('',*,*,#973,.T.);
#1409=ORIENTED_EDGE('',*,*,#970,.T.);
#1410=ORIENTED_EDGE('',*,*,#967,.T.);
#1411=ORIENTED_EDGE('',*,*,#964,.T.);
#1412=ORIENTED_EDGE('',*,*,#961,.T.);
#1413=ORIENTED_EDGE('',*,*,#958,.T.);
#1414=ORIENTED_EDGE('',*,*,#955,.T.);
#1415=ORIENTED_EDGE('',*,*,#952,.T.);
#1416=ORIENTED_EDGE('',*,*,#949,.T.);
#1417=ORIENTED_EDGE('',*,*,#946,.T.);
#1418=ORIENTED_EDGE('',*,*,#943,.T.);
#1419=ORIENTED_EDGE('',*,*,#1035,.F.);
#1420=ORIENTED_EDGE('',*,*,#941,.F.);
#1421=ORIENTED_EDGE('',*,*,#945,.F.);
#1422=ORIENTED_EDGE('',*,*,#948,.F.);
#1423=ORIENTED_EDGE('',*,*,#951,.F.);
#1424=ORIENTED_EDGE('',*,*,#954,.F.);
#1425=ORIENTED_EDGE('',*,*,#957,.F.);
#1426=ORIENTED_EDGE('',*,*,#960,.F.);
#1427=ORIENTED_EDGE('',*,*,#963,.F.);
#1428=ORIENTED_EDGE('',*,*,#966,.F.);
#1429=ORIENTED_EDGE('',*,*,#969,.F.);
#1430=ORIENTED_EDGE('',*,*,#972,.F.);
#1431=ORIENTED_EDGE('',*,*,#975,.F.);
#1432=ORIENTED_EDGE('',*,*,#978,.F.);
#1433=ORIENTED_EDGE('',*,*,#981,.F.);
#1434=ORIENTED_EDGE('',*,*,#984,.F.);
#1435=ORIENTED_EDGE('',*,*,#987,.F.);
#1436=ORIENTED_EDGE('',*,*,#990,.F.);
#1437=ORIENTED_EDGE('',*,*,#993,.F.);
#1438=ORIENTED_EDGE('',*,*,#996,.F.);
#1439=ORIENTED_EDGE('',*,*,#999,.F.);
#1440=ORIENTED_EDGE('',*,*,#1002,.F.);
#1441=ORIENTED_EDGE('',*,*,#1005,.F.);
#1442=ORIENTED_EDGE('',*,*,#1008,.F.);
#1443=ORIENTED_EDGE('',*,*,#1011,.F.);
#1444=ORIENTED_EDGE('',*,*,#1014,.F.);
#1445=ORIENTED_EDGE('',*,*,#1017,.F.);
#1446=ORIENTED_EDGE('',*,*,#1020,.F.);
#1447=ORIENTED_EDGE('',*,*,#1023,.F.);
#1448=ORIENTED_EDGE('',*,*,#1026,.F.);
#1449=ORIENTED_EDGE('',*,*,#1029,.F.);
#1450=ORIENTED_EDGE('',*,*,#1032,.F.);
#1451=ORIENTED_EDGE('',*,*,#1037,.T.);
#1452=ORIENTED_EDGE('',*,*,#1038,.T.);
#1453=ORIENTED_EDGE('',*,*,#1039,.F.);
#1454=ORIENTED_EDGE('',*,*,#1040,.F.);
#1455=ORIENTED_EDGE('',*,*,#1041,.T.);
#1456=ORIENTED_EDGE('',*,*,#1040,.T.);
#1457=ORIENTED_EDGE('',*,*,#1042,.F.);
#1458=ORIENTED_EDGE('',*,*,#1043,.F.);
#1459=ORIENTED_EDGE('',*,*,#1044,.T.);
#1460=ORIENTED_EDGE('',*,*,#1043,.T.);
#1461=ORIENTED_EDGE('',*,*,#1045,.F.);
#1462=ORIENTED_EDGE('',*,*,#1046,.F.);
#1463=ORIENTED_EDGE('',*,*,#1047,.T.);
#1464=ORIENTED_EDGE('',*,*,#1046,.T.);
#1465=ORIENTED_EDGE('',*,*,#1048,.F.);
#1466=ORIENTED_EDGE('',*,*,#1038,.F.);
#1467=ORIENTED_EDGE('',*,*,#1048,.T.);
#1468=ORIENTED_EDGE('',*,*,#1045,.T.);
#1469=ORIENTED_EDGE('',*,*,#1042,.T.);
#1470=ORIENTED_EDGE('',*,*,#1039,.T.);
#1471=ORIENTED_EDGE('',*,*,#1047,.F.);
#1472=ORIENTED_EDGE('',*,*,#1037,.F.);
#1473=ORIENTED_EDGE('',*,*,#1041,.F.);
#1474=ORIENTED_EDGE('',*,*,#1044,.F.);
#1475=ORIENTED_EDGE('',*,*,#1049,.T.);
#1476=ORIENTED_EDGE('',*,*,#1050,.T.);
#1477=ORIENTED_EDGE('',*,*,#1051,.F.);
#1478=ORIENTED_EDGE('',*,*,#1052,.F.);
#1479=ORIENTED_EDGE('',*,*,#1053,.T.);
#1480=ORIENTED_EDGE('',*,*,#1052,.T.);
#1481=ORIENTED_EDGE('',*,*,#1054,.F.);
#1482=ORIENTED_EDGE('',*,*,#1055,.F.);
#1483=ORIENTED_EDGE('',*,*,#1056,.T.);
#1484=ORIENTED_EDGE('',*,*,#1055,.T.);
#1485=ORIENTED_EDGE('',*,*,#1057,.F.);
#1486=ORIENTED_EDGE('',*,*,#1058,.F.);
#1487=ORIENTED_EDGE('',*,*,#1059,.T.);
#1488=ORIENTED_EDGE('',*,*,#1058,.T.);
#1489=ORIENTED_EDGE('',*,*,#1060,.F.);
#1490=ORIENTED_EDGE('',*,*,#1050,.F.);
#1491=ORIENTED_EDGE('',*,*,#1060,.T.);
#1492=ORIENTED_EDGE('',*,*,#1057,.T.);
#1493=ORIENTED_EDGE('',*,*,#1054,.T.);
#1494=ORIENTED_EDGE('',*,*,#1051,.T.);
#1495=ORIENTED_EDGE('',*,*,#1059,.F.);
#1496=ORIENTED_EDGE('',*,*,#1049,.F.);
#1497=ORIENTED_EDGE('',*,*,#1053,.F.);
#1498=ORIENTED_EDGE('',*,*,#1056,.F.);
#1499=ORIENTED_EDGE('',*,*,#1061,.T.);
#1500=ORIENTED_EDGE('',*,*,#1062,.T.);
#1501=ORIENTED_EDGE('',*,*,#1063,.F.);
#1502=ORIENTED_EDGE('',*,*,#1064,.F.);
#1503=ORIENTED_EDGE('',*,*,#1065,.T.);
#1504=ORIENTED_EDGE('',*,*,#1064,.T.);
#1505=ORIENTED_EDGE('',*,*,#1066,.F.);
#1506=ORIENTED_EDGE('',*,*,#1067,.F.);
#1507=ORIENTED_EDGE('',*,*,#1068,.T.);
#1508=ORIENTED_EDGE('',*,*,#1067,.T.);
#1509=ORIENTED_EDGE('',*,*,#1069,.F.);
#1510=ORIENTED_EDGE('',*,*,#1070,.F.);
#1511=ORIENTED_EDGE('',*,*,#1071,.T.);
#1512=ORIENTED_EDGE('',*,*,#1070,.T.);
#1513=ORIENTED_EDGE('',*,*,#1072,.F.);
#1514=ORIENTED_EDGE('',*,*,#1062,.F.);
#1515=ORIENTED_EDGE('',*,*,#1073,.F.);
#1516=ORIENTED_EDGE('',*,*,#1074,.T.);
#1517=ORIENTED_EDGE('',*,*,#1075,.F.);
#1518=ORIENTED_EDGE('',*,*,#1076,.F.);
#1519=ORIENTED_EDGE('',*,*,#1077,.F.);
#1520=ORIENTED_EDGE('',*,*,#1076,.T.);
#1521=ORIENTED_EDGE('',*,*,#1078,.F.);
#1522=ORIENTED_EDGE('',*,*,#1079,.F.);
#1523=ORIENTED_EDGE('',*,*,#1080,.F.);
#1524=ORIENTED_EDGE('',*,*,#1079,.T.);
#1525=ORIENTED_EDGE('',*,*,#1081,.F.);
#1526=ORIENTED_EDGE('',*,*,#1082,.F.);
#1527=ORIENTED_EDGE('',*,*,#1083,.F.);
#1528=ORIENTED_EDGE('',*,*,#1082,.T.);
#1529=ORIENTED_EDGE('',*,*,#1084,.F.);
#1530=ORIENTED_EDGE('',*,*,#1074,.F.);
#1531=ORIENTED_EDGE('',*,*,#1084,.T.);
#1532=ORIENTED_EDGE('',*,*,#1081,.T.);
#1533=ORIENTED_EDGE('',*,*,#1078,.T.);
#1534=ORIENTED_EDGE('',*,*,#1075,.T.);
#1535=ORIENTED_EDGE('',*,*,#1072,.T.);
#1536=ORIENTED_EDGE('',*,*,#1069,.T.);
#1537=ORIENTED_EDGE('',*,*,#1066,.T.);
#1538=ORIENTED_EDGE('',*,*,#1063,.T.);
#1539=ORIENTED_EDGE('',*,*,#1083,.T.);
#1540=ORIENTED_EDGE('',*,*,#1073,.T.);
#1541=ORIENTED_EDGE('',*,*,#1077,.T.);
#1542=ORIENTED_EDGE('',*,*,#1080,.T.);
#1543=ORIENTED_EDGE('',*,*,#1071,.F.);
#1544=ORIENTED_EDGE('',*,*,#1061,.F.);
#1545=ORIENTED_EDGE('',*,*,#1065,.F.);
#1546=ORIENTED_EDGE('',*,*,#1068,.F.);
#1547=ORIENTED_EDGE('',*,*,#1085,.T.);
#1548=ORIENTED_EDGE('',*,*,#1086,.T.);
#1549=ORIENTED_EDGE('',*,*,#1087,.F.);
#1550=ORIENTED_EDGE('',*,*,#1088,.F.);
#1551=ORIENTED_EDGE('',*,*,#1089,.T.);
#1552=ORIENTED_EDGE('',*,*,#1088,.T.);
#1553=ORIENTED_EDGE('',*,*,#1090,.F.);
#1554=ORIENTED_EDGE('',*,*,#1091,.F.);
#1555=ORIENTED_EDGE('',*,*,#1092,.T.);
#1556=ORIENTED_EDGE('',*,*,#1091,.T.);
#1557=ORIENTED_EDGE('',*,*,#1093,.F.);
#1558=ORIENTED_EDGE('',*,*,#1086,.F.);
#1559=ORIENTED_EDGE('',*,*,#1094,.F.);
#1560=ORIENTED_EDGE('',*,*,#1095,.T.);
#1561=ORIENTED_EDGE('',*,*,#1096,.F.);
#1562=ORIENTED_EDGE('',*,*,#1097,.F.);
#1563=ORIENTED_EDGE('',*,*,#1098,.T.);
#1564=ORIENTED_EDGE('',*,*,#1097,.T.);
#1565=ORIENTED_EDGE('',*,*,#1099,.F.);
#1566=ORIENTED_EDGE('',*,*,#1100,.F.);
#1567=ORIENTED_EDGE('',*,*,#1101,.T.);
#1568=ORIENTED_EDGE('',*,*,#1100,.T.);
#1569=ORIENTED_EDGE('',*,*,#1102,.F.);
#1570=ORIENTED_EDGE('',*,*,#1095,.F.);
#1571=ORIENTED_EDGE('',*,*,#1102,.T.);
#1572=ORIENTED_EDGE('',*,*,#1099,.T.);
#1573=ORIENTED_EDGE('',*,*,#1096,.T.);
#1574=ORIENTED_EDGE('',*,*,#1093,.T.);
#1575=ORIENTED_EDGE('',*,*,#1090,.T.);
#1576=ORIENTED_EDGE('',*,*,#1087,.T.);
#1577=ORIENTED_EDGE('',*,*,#1101,.F.);
#1578=ORIENTED_EDGE('',*,*,#1094,.T.);
#1579=ORIENTED_EDGE('',*,*,#1098,.F.);
#1580=ORIENTED_EDGE('',*,*,#1092,.F.);
#1581=ORIENTED_EDGE('',*,*,#1085,.F.);
#1582=ORIENTED_EDGE('',*,*,#1089,.F.);
#1583=CYLINDRICAL_SURFACE('',#1706,1.);
#1584=CYLINDRICAL_SURFACE('',#1709,1.);
#1585=CYLINDRICAL_SURFACE('',#1711,1.);
#1586=CYLINDRICAL_SURFACE('',#1713,1.);
#1587=CYLINDRICAL_SURFACE('',#1727,2.04999999999998);
#1588=CYLINDRICAL_SURFACE('',#1729,2.05);
#1589=CYLINDRICAL_SURFACE('',#1733,1.75000000000001);
#1590=CYLINDRICAL_SURFACE('',#1735,1.74999999999999);
#1591=CYLINDRICAL_SURFACE('',#1737,1.75000000000001);
#1592=CYLINDRICAL_SURFACE('',#1739,1.75);
#1593=CYLINDRICAL_SURFACE('',#1741,1.);
#1594=CYLINDRICAL_SURFACE('',#1746,1.);
#1595=CYLINDRICAL_SURFACE('',#1750,1.);
#1596=CYLINDRICAL_SURFACE('',#1754,1.);
#1597=CYLINDRICAL_SURFACE('',#1757,2.);
#1598=CYLINDRICAL_SURFACE('',#1760,2.);
#1599=CYLINDRICAL_SURFACE('',#1763,2.);
#1600=CYLINDRICAL_SURFACE('',#1766,2.);
#1601=CYLINDRICAL_SURFACE('',#1799,1.54781250000003);
#1602=CYLINDRICAL_SURFACE('',#1802,2.32171875000001);
#1603=ADVANCED_FACE('',(#217),#1583,.T.);
#1604=ADVANCED_FACE('',(#218),#1584,.T.);
#1605=ADVANCED_FACE('',(#219),#1585,.T.);
#1606=ADVANCED_FACE('',(#220),#1586,.T.);
#1607=ADVANCED_FACE('',(#221),#176,.F.);
#1608=ADVANCED_FACE('',(#222),#177,.F.);
#1609=ADVANCED_FACE('',(#223,#122,#123,#124,#125,#126,#127,#128),#178,.F.);
#1610=ADVANCED_FACE('',(#224),#1587,.F.);
#1611=ADVANCED_FACE('',(#225),#1588,.F.);
#1612=ADVANCED_FACE('',(#226),#179,.F.);
#1613=ADVANCED_FACE('',(#227),#180,.F.);
#1614=ADVANCED_FACE('',(#228),#1589,.F.);
#1615=ADVANCED_FACE('',(#229),#1590,.F.);
#1616=ADVANCED_FACE('',(#230),#1591,.F.);
#1617=ADVANCED_FACE('',(#231),#1592,.F.);
#1618=ADVANCED_FACE('',(#232),#1593,.T.);
#1619=ADVANCED_FACE('',(#233),#89,.F.);
#1620=ADVANCED_FACE('',(#234),#1594,.T.);
#1621=ADVANCED_FACE('',(#235),#90,.F.);
#1622=ADVANCED_FACE('',(#236),#1595,.T.);
#1623=ADVANCED_FACE('',(#237),#91,.F.);
#1624=ADVANCED_FACE('',(#238),#1596,.T.);
#1625=ADVANCED_FACE('',(#239),#92,.F.);
#1626=ADVANCED_FACE('',(#240),#1597,.T.);
#1627=ADVANCED_FACE('',(#241),#181,.T.);
#1628=ADVANCED_FACE('',(#242),#1598,.T.);
#1629=ADVANCED_FACE('',(#243),#182,.T.);
#1630=ADVANCED_FACE('',(#244),#1599,.T.);
#1631=ADVANCED_FACE('',(#245),#183,.T.);
#1632=ADVANCED_FACE('',(#246),#1600,.T.);
#1633=ADVANCED_FACE('',(#247),#184,.T.);
#1634=ADVANCED_FACE('',(#248,#129,#130,#131,#132,#133,#134,#135),#185,.F.);
#1635=ADVANCED_FACE('',(#249),#186,.T.);
#1636=ADVANCED_FACE('',(#250),#93,.T.);
#1637=ADVANCED_FACE('',(#251),#187,.T.);
#1638=ADVANCED_FACE('',(#252),#188,.T.);
#1639=ADVANCED_FACE('',(#253),#189,.T.);
#1640=ADVANCED_FACE('',(#254),#94,.T.);
#1641=ADVANCED_FACE('',(#255),#95,.T.);
#1642=ADVANCED_FACE('',(#256),#96,.T.);
#1643=ADVANCED_FACE('',(#257),#97,.T.);
#1644=ADVANCED_FACE('',(#258),#98,.T.);
#1645=ADVANCED_FACE('',(#259),#190,.T.);
#1646=ADVANCED_FACE('',(#260),#191,.T.);
#1647=ADVANCED_FACE('',(#261),#99,.T.);
#1648=ADVANCED_FACE('',(#262),#100,.T.);
#1649=ADVANCED_FACE('',(#263),#101,.T.);
#1650=ADVANCED_FACE('',(#264),#102,.T.);
#1651=ADVANCED_FACE('',(#265),#192,.T.);
#1652=ADVANCED_FACE('',(#266),#193,.T.);
#1653=ADVANCED_FACE('',(#267),#103,.T.);
#1654=ADVANCED_FACE('',(#268),#104,.T.);
#1655=ADVANCED_FACE('',(#269),#105,.T.);
#1656=ADVANCED_FACE('',(#270),#106,.T.);
#1657=ADVANCED_FACE('',(#271),#107,.T.);
#1658=ADVANCED_FACE('',(#272),#194,.T.);
#1659=ADVANCED_FACE('',(#273),#195,.T.);
#1660=ADVANCED_FACE('',(#274),#108,.T.);
#1661=ADVANCED_FACE('',(#275),#196,.T.);
#1662=ADVANCED_FACE('',(#276),#109,.T.);
#1663=ADVANCED_FACE('',(#277),#197,.T.);
#1664=ADVANCED_FACE('',(#278),#110,.T.);
#1665=ADVANCED_FACE('',(#279),#198,.T.);
#1666=ADVANCED_FACE('',(#280),#111,.T.);
#1667=ADVANCED_FACE('',(#281),#199,.T.);
#1668=ADVANCED_FACE('',(#282),#200,.F.);
#1669=ADVANCED_FACE('',(#283),#201,.T.);
#1670=ADVANCED_FACE('',(#284),#202,.T.);
#1671=ADVANCED_FACE('',(#285),#203,.T.);
#1672=ADVANCED_FACE('',(#286),#204,.T.);
#1673=ADVANCED_FACE('',(#287),#205,.T.);
#1674=ADVANCED_FACE('',(#288),#206,.F.);
#1675=ADVANCED_FACE('',(#289),#207,.T.);
#1676=ADVANCED_FACE('',(#290),#208,.T.);
#1677=ADVANCED_FACE('',(#291),#209,.T.);
#1678=ADVANCED_FACE('',(#292),#210,.T.);
#1679=ADVANCED_FACE('',(#293),#211,.T.);
#1680=ADVANCED_FACE('',(#294),#212,.F.);
#1681=ADVANCED_FACE('',(#295),#112,.T.);
#1682=ADVANCED_FACE('',(#296),#113,.T.);
#1683=ADVANCED_FACE('',(#297),#114,.T.);
#1684=ADVANCED_FACE('',(#298),#115,.T.);
#1685=ADVANCED_FACE('',(#299),#116,.T.);
#1686=ADVANCED_FACE('',(#300),#117,.T.);
#1687=ADVANCED_FACE('',(#301),#118,.T.);
#1688=ADVANCED_FACE('',(#302),#119,.T.);
#1689=ADVANCED_FACE('',(#303,#136),#213,.T.);
#1690=ADVANCED_FACE('',(#304,#137),#214,.F.);
#1691=ADVANCED_FACE('',(#305),#120,.T.);
#1692=ADVANCED_FACE('',(#306),#121,.T.);
#1693=ADVANCED_FACE('',(#307),#1601,.F.);
#1694=ADVANCED_FACE('',(#308),#1602,.T.);
#1695=ADVANCED_FACE('',(#309),#17,.T.);
#1696=ADVANCED_FACE('',(#310),#18,.T.);
#1697=ADVANCED_FACE('',(#311,#138),#215,.T.);
#1698=ADVANCED_FACE('',(#312,#139),#216,.F.);
#1699=CLOSED_SHELL('',(#1603,#1604,#1605,#1606,#1607,#1608,#1609,#1610,
#1611,#1612,#1613,#1614,#1615,#1616,#1617,#1618,#1619,#1620,#1621,#1622,
#1623,#1624,#1625,#1626,#1627,#1628,#1629,#1630,#1631,#1632,#1633,#1634));
#1700=CLOSED_SHELL('',(#1635,#1636,#1637,#1638,#1639,#1640,#1641,#1642,
#1643,#1644,#1645,#1646,#1647,#1648,#1649,#1650,#1651,#1652,#1653,#1654,
#1655,#1656,#1657,#1658,#1659,#1660,#1661,#1662,#1663,#1664,#1665,#1666,
#1667,#1668));
#1701=CLOSED_SHELL('',(#1669,#1670,#1671,#1672,#1673,#1674));
#1702=CLOSED_SHELL('',(#1675,#1676,#1677,#1678,#1679,#1680));
#1703=CLOSED_SHELL('',(#1681,#1682,#1683,#1684,#1685,#1686,#1687,#1688,
#1689,#1690));
#1704=CLOSED_SHELL('',(#1691,#1692,#1693,#1694,#1695,#1696,#1697,#1698));
#1705=AXIS2_PLACEMENT_3D('',#2149,#1807,#1808);
#1706=AXIS2_PLACEMENT_3D('',#2150,#1809,#1810);
#1707=AXIS2_PLACEMENT_3D('',#2155,#1812,#1813);
#1708=AXIS2_PLACEMENT_3D('',#2158,#1815,#1816);
#1709=AXIS2_PLACEMENT_3D('',#2159,#1817,#1818);
#1710=AXIS2_PLACEMENT_3D('',#2164,#1821,#1822);
#1711=AXIS2_PLACEMENT_3D('',#2165,#1823,#1824);
#1712=AXIS2_PLACEMENT_3D('',#2170,#1827,#1828);
#1713=AXIS2_PLACEMENT_3D('',#2171,#1829,#1830);
#1714=AXIS2_PLACEMENT_3D('',#2174,#1833,#1834);
#1715=AXIS2_PLACEMENT_3D('',#2180,#1838,#1839);
#1716=AXIS2_PLACEMENT_3D('',#2184,#1842,#1843);
#1717=AXIS2_PLACEMENT_3D('',#2189,#1845,#1846);
#1718=AXIS2_PLACEMENT_3D('',#2193,#1848,#1849);
#1719=AXIS2_PLACEMENT_3D('',#2197,#1851,#1852);
#1720=AXIS2_PLACEMENT_3D('',#2200,#1854,#1855);
#1721=AXIS2_PLACEMENT_3D('',#2202,#1856,#1857);
#1722=AXIS2_PLACEMENT_3D('',#2204,#1858,#1859);
#1723=AXIS2_PLACEMENT_3D('',#2206,#1860,#1861);
#1724=AXIS2_PLACEMENT_3D('',#2208,#1862,#1863);
#1725=AXIS2_PLACEMENT_3D('',#2210,#1864,#1865);
#1726=AXIS2_PLACEMENT_3D('',#2212,#1866,#1867);
#1727=AXIS2_PLACEMENT_3D('',#2213,#1868,#1869);
#1728=AXIS2_PLACEMENT_3D('',#2215,#1870,#1871);
#1729=AXIS2_PLACEMENT_3D('',#2217,#1873,#1874);
#1730=AXIS2_PLACEMENT_3D('',#2219,#1875,#1876);
#1731=AXIS2_PLACEMENT_3D('',#2221,#1878,#1879);
#1732=AXIS2_PLACEMENT_3D('',#2225,#1882,#1883);
#1733=AXIS2_PLACEMENT_3D('',#2227,#1885,#1886);
#1734=AXIS2_PLACEMENT_3D('',#2229,#1887,#1888);
#1735=AXIS2_PLACEMENT_3D('',#2231,#1890,#1891);
#1736=AXIS2_PLACEMENT_3D('',#2233,#1892,#1893);
#1737=AXIS2_PLACEMENT_3D('',#2235,#1895,#1896);
#1738=AXIS2_PLACEMENT_3D('',#2237,#1897,#1898);
#1739=AXIS2_PLACEMENT_3D('',#2239,#1900,#1901);
#1740=AXIS2_PLACEMENT_3D('',#2241,#1902,#1903);
#1741=AXIS2_PLACEMENT_3D('',#2243,#1905,#1906);
#1742=AXIS2_PLACEMENT_3D('',#2245,#1907,#1908);
#1743=AXIS2_PLACEMENT_3D('',#2247,#1909,#1910);
#1744=AXIS2_PLACEMENT_3D('',#2259,#1912,#1913);
#1745=AXIS2_PLACEMENT_3D('',#2260,#1914,#1915);
#1746=AXIS2_PLACEMENT_3D('',#2261,#1916,#1917);
#1747=AXIS2_PLACEMENT_3D('',#2263,#1918,#1919);
#1748=AXIS2_PLACEMENT_3D('',#2275,#1921,#1922);
#1749=AXIS2_PLACEMENT_3D('',#2276,#1923,#1924);
#1750=AXIS2_PLACEMENT_3D('',#2277,#1925,#1926);
#1751=AXIS2_PLACEMENT_3D('',#2279,#1927,#1928);
#1752=AXIS2_PLACEMENT_3D('',#2291,#1930,#1931);
#1753=AXIS2_PLACEMENT_3D('',#2292,#1932,#1933);
#1754=AXIS2_PLACEMENT_3D('',#2293,#1934,#1935);
#1755=AXIS2_PLACEMENT_3D('',#2295,#1936,#1937);
#1756=AXIS2_PLACEMENT_3D('',#2306,#1939,#1940);
#1757=AXIS2_PLACEMENT_3D('',#2307,#1941,#1942);
#1758=AXIS2_PLACEMENT_3D('',#2311,#1944,#1945);
#1759=AXIS2_PLACEMENT_3D('',#2313,#1947,#1948);
#1760=AXIS2_PLACEMENT_3D('',#2317,#1951,#1952);
#1761=AXIS2_PLACEMENT_3D('',#2320,#1954,#1955);
#1762=AXIS2_PLACEMENT_3D('',#2321,#1956,#1957);
#1763=AXIS2_PLACEMENT_3D('',#2325,#1960,#1961);
#1764=AXIS2_PLACEMENT_3D('',#2328,#1963,#1964);
#1765=AXIS2_PLACEMENT_3D('',#2329,#1965,#1966);
#1766=AXIS2_PLACEMENT_3D('',#2333,#1969,#1970);
#1767=AXIS2_PLACEMENT_3D('',#2336,#1972,#1973);
#1768=AXIS2_PLACEMENT_3D('',#2337,#1974,#1975);
#1769=AXIS2_PLACEMENT_3D('',#2339,#1977,#1978);
#1770=AXIS2_PLACEMENT_3D('',#2340,#1979,#1980);
#1771=AXIS2_PLACEMENT_3D('',#2368,#1986,#1987);
#1772=AXIS2_PLACEMENT_3D('',#2374,#1991,#1992);
#1773=AXIS2_PLACEMENT_3D('',#2380,#1996,#1997);
#1774=AXIS2_PLACEMENT_3D('',#2481,#2006,#2007);
#1775=AXIS2_PLACEMENT_3D('',#2487,#2011,#2012);
#1776=AXIS2_PLACEMENT_3D('',#2569,#2020,#2021);
#1777=AXIS2_PLACEMENT_3D('',#2575,#2025,#2026);
#1778=AXIS2_PLACEMENT_3D('',#2676,#2035,#2036);
#1779=AXIS2_PLACEMENT_3D('',#2682,#2040,#2041);
#1780=AXIS2_PLACEMENT_3D('',#2707,#2046,#2047);
#1781=AXIS2_PLACEMENT_3D('',#2732,#2052,#2053);
#1782=AXIS2_PLACEMENT_3D('',#2757,#2058,#2059);
#1783=AXIS2_PLACEMENT_3D('',#2779,#2063,#2064);
#1784=AXIS2_PLACEMENT_3D('',#2780,#2065,#2066);
#1785=AXIS2_PLACEMENT_3D('',#2781,#2067,#2068);
#1786=AXIS2_PLACEMENT_3D('',#2790,#2073,#2074);
#1787=AXIS2_PLACEMENT_3D('',#2796,#2078,#2079);
#1788=AXIS2_PLACEMENT_3D('',#2802,#2083,#2084);
#1789=AXIS2_PLACEMENT_3D('',#2805,#2087,#2088);
#1790=AXIS2_PLACEMENT_3D('',#2806,#2089,#2090);
#1791=AXIS2_PLACEMENT_3D('',#2807,#2091,#2092);
#1792=AXIS2_PLACEMENT_3D('',#2816,#2097,#2098);
#1793=AXIS2_PLACEMENT_3D('',#2822,#2102,#2103);
#1794=AXIS2_PLACEMENT_3D('',#2828,#2107,#2108);
#1795=AXIS2_PLACEMENT_3D('',#2831,#2111,#2112);
#1796=AXIS2_PLACEMENT_3D('',#2832,#2113,#2114);
#1797=AXIS2_PLACEMENT_3D('',#2985,#2123,#2124);
#1798=AXIS2_PLACEMENT_3D('',#2986,#2125,#2126);
#1799=AXIS2_PLACEMENT_3D('',#3028,#2130,#2131);
#1800=AXIS2_PLACEMENT_3D('',#3029,#2132,#2133);
#1801=AXIS2_PLACEMENT_3D('',#3030,#2134,#2135);
#1802=AXIS2_PLACEMENT_3D('',#3031,#2136,#2137);
#1803=AXIS2_PLACEMENT_3D('',#3034,#2138,#2139);
#1804=AXIS2_PLACEMENT_3D('',#3038,#2141,#2142);
#1805=AXIS2_PLACEMENT_3D('',#3067,#2145,#2146);
#1806=AXIS2_PLACEMENT_3D('',#3068,#2147,#2148);
#1807=DIRECTION('axis',(0.,0.,1.));
#1808=DIRECTION('refdir',(1.,0.,0.));
#1809=DIRECTION('center_axis',(1.,0.,0.));
#1810=DIRECTION('ref_axis',(0.,-0.707106781186546,0.707106781186549));
#1811=DIRECTION('',(-1.,0.,0.));
#1812=DIRECTION('center_axis',(0.707106781186548,0.707106781186548,0.));
#1813=DIRECTION('ref_axis',(-0.707106781186547,0.707106781186547,0.));
#1814=DIRECTION('',(1.,0.,0.));
#1815=DIRECTION('center_axis',(-0.707106781186548,0.707106781186548,0.));
#1816=DIRECTION('ref_axis',(-0.707106781186547,-0.707106781186547,0.));
#1817=DIRECTION('center_axis',(0.,1.,0.));
#1818=DIRECTION('ref_axis',(0.707106781186546,0.,0.707106781186549));
#1819=DIRECTION('',(0.,1.,0.));
#1820=DIRECTION('',(0.,-1.,0.));
#1821=DIRECTION('center_axis',(0.707106781186548,-0.707106781186548,0.));
#1822=DIRECTION('ref_axis',(0.707106781186547,0.707106781186547,0.));
#1823=DIRECTION('center_axis',(0.,-1.,0.));
#1824=DIRECTION('ref_axis',(-0.70710678118654,0.,0.707106781186555));
#1825=DIRECTION('',(0.,1.,0.));
#1826=DIRECTION('',(0.,-1.,0.));
#1827=DIRECTION('center_axis',(0.707106781186548,0.707106781186548,0.));
#1828=DIRECTION('ref_axis',(-0.707106781186547,0.707106781186547,0.));
#1829=DIRECTION('center_axis',(-1.,0.,0.));
#1830=DIRECTION('ref_axis',(0.,0.707106781186546,0.707106781186549));
#1831=DIRECTION('',(1.,0.,0.));
#1832=DIRECTION('',(-1.,0.,0.));
#1833=DIRECTION('center_axis',(1.,0.,0.));
#1834=DIRECTION('ref_axis',(0.,1.,0.));
#1835=DIRECTION('',(0.,0.,1.));
#1836=DIRECTION('',(0.,1.,0.));
#1837=DIRECTION('',(0.,0.,1.));
#1838=DIRECTION('center_axis',(0.,1.,0.));
#1839=DIRECTION('ref_axis',(-1.,0.,0.));
#1840=DIRECTION('',(0.,0.,-1.));
#1841=DIRECTION('',(-1.,0.,0.));
#1842=DIRECTION('center_axis',(0.,0.,-1.));
#1843=DIRECTION('ref_axis',(-1.,0.,0.));
#1844=DIRECTION('',(0.,-1.,0.));
#1845=DIRECTION('center_axis',(0.,0.,-1.));
#1846=DIRECTION('ref_axis',(0.707106781186547,0.707106781186547,0.));
#1847=DIRECTION('',(1.,0.,0.));
#1848=DIRECTION('center_axis',(0.,0.,-1.));
#1849=DIRECTION('ref_axis',(-0.707106781186545,0.70710678118655,0.));
#1850=DIRECTION('',(0.,1.,0.));
#1851=DIRECTION('center_axis',(0.,0.,-1.));
#1852=DIRECTION('ref_axis',(-0.707106781186548,-0.707106781186548,0.));
#1853=DIRECTION('',(-1.,0.,0.));
#1854=DIRECTION('center_axis',(0.,0.,-1.));
#1855=DIRECTION('ref_axis',(0.707106781186548,-0.707106781186548,0.));
#1856=DIRECTION('center_axis',(0.,0.,-1.));
#1857=DIRECTION('ref_axis',(1.,0.,0.));
#1858=DIRECTION('center_axis',(0.,0.,-1.));
#1859=DIRECTION('ref_axis',(1.,0.,0.));
#1860=DIRECTION('center_axis',(0.,0.,-1.));
#1861=DIRECTION('ref_axis',(1.,0.,0.));
#1862=DIRECTION('center_axis',(0.,0.,-1.));
#1863=DIRECTION('ref_axis',(1.,0.,0.));
#1864=DIRECTION('center_axis',(0.,0.,-1.));
#1865=DIRECTION('ref_axis',(1.,0.,0.));
#1866=DIRECTION('center_axis',(0.,0.,-1.));
#1867=DIRECTION('ref_axis',(1.,0.,0.));
#1868=DIRECTION('center_axis',(0.,0.,1.));
#1869=DIRECTION('ref_axis',(1.,0.,0.));
#1870=DIRECTION('center_axis',(0.,0.,1.));
#1871=DIRECTION('ref_axis',(1.,0.,0.));
#1872=DIRECTION('',(0.,0.,1.));
#1873=DIRECTION('center_axis',(0.,0.,1.));
#1874=DIRECTION('ref_axis',(1.,0.,0.));
#1875=DIRECTION('center_axis',(0.,0.,1.));
#1876=DIRECTION('ref_axis',(1.,0.,0.));
#1877=DIRECTION('',(0.,0.,1.));
#1878=DIRECTION('center_axis',(0.,-1.,0.));
#1879=DIRECTION('ref_axis',(1.,0.,0.));
#1880=DIRECTION('',(1.,0.,0.));
#1881=DIRECTION('',(0.,0.,1.));
#1882=DIRECTION('center_axis',(-1.,0.,0.));
#1883=DIRECTION('ref_axis',(0.,-1.,0.));
#1884=DIRECTION('',(0.,-1.,0.));
#1885=DIRECTION('center_axis',(0.,0.,1.));
#1886=DIRECTION('ref_axis',(1.,0.,0.));
#1887=DIRECTION('center_axis',(0.,0.,1.));
#1888=DIRECTION('ref_axis',(1.,0.,0.));
#1889=DIRECTION('',(0.,0.,1.));
#1890=DIRECTION('center_axis',(0.,0.,1.));
#1891=DIRECTION('ref_axis',(1.,0.,0.));
#1892=DIRECTION('center_axis',(0.,0.,1.));
#1893=DIRECTION('ref_axis',(1.,0.,0.));
#1894=DIRECTION('',(0.,0.,1.));
#1895=DIRECTION('center_axis',(0.,0.,1.));
#1896=DIRECTION('ref_axis',(1.,0.,0.));
#1897=DIRECTION('center_axis',(0.,0.,1.));
#1898=DIRECTION('ref_axis',(1.,0.,0.));
#1899=DIRECTION('',(0.,0.,1.));
#1900=DIRECTION('center_axis',(0.,0.,1.));
#1901=DIRECTION('ref_axis',(1.,0.,0.));
#1902=DIRECTION('center_axis',(0.,0.,1.));
#1903=DIRECTION('ref_axis',(1.,0.,0.));
#1904=DIRECTION('',(0.,0.,1.));
#1905=DIRECTION('center_axis',(0.,-1.,0.));
#1906=DIRECTION('ref_axis',(0.707106781186553,0.,0.707106781186543));
#1907=DIRECTION('center_axis',(0.,-1.,0.));
#1908=DIRECTION('ref_axis',(1.,0.,0.));
#1909=DIRECTION('center_axis',(0.,1.,0.));
#1910=DIRECTION('ref_axis',(0.,0.,1.));
#1911=DIRECTION('',(0.,1.,0.));
#1912=DIRECTION('center_axis',(1.,0.,0.));
#1913=DIRECTION('ref_axis',(0.,0.,1.));
#1914=DIRECTION('center_axis',(0.,0.,1.));
#1915=DIRECTION('ref_axis',(0.707106781186548,-0.707106781186548,0.));
#1916=DIRECTION('center_axis',(-1.,0.,0.));
#1917=DIRECTION('ref_axis',(0.,-0.707106781186553,0.707106781186543));
#1918=DIRECTION('center_axis',(1.,0.,0.));
#1919=DIRECTION('ref_axis',(0.,0.,1.));
#1920=DIRECTION('',(1.,0.,0.));
#1921=DIRECTION('center_axis',(0.,-1.,0.));
#1922=DIRECTION('ref_axis',(0.,0.,1.));
#1923=DIRECTION('center_axis',(0.,0.,1.));
#1924=DIRECTION('ref_axis',(-0.707106781186548,-0.707106781186548,0.));
#1925=DIRECTION('center_axis',(0.,1.,0.));
#1926=DIRECTION('ref_axis',(-0.707106781186546,0.,0.707106781186549));
#1927=DIRECTION('center_axis',(0.,-1.,0.));
#1928=DIRECTION('ref_axis',(0.,0.,1.));
#1929=DIRECTION('',(0.,-1.,0.));
#1930=DIRECTION('center_axis',(-1.,0.,0.));
#1931=DIRECTION('ref_axis',(0.,0.,1.));
#1932=DIRECTION('center_axis',(0.,0.,1.));
#1933=DIRECTION('ref_axis',(-0.707106781186545,0.70710678118655,0.));
#1934=DIRECTION('center_axis',(1.,0.,0.));
#1935=DIRECTION('ref_axis',(0.,0.707106781186546,0.707106781186549));
#1936=DIRECTION('center_axis',(-1.,0.,0.));
#1937=DIRECTION('ref_axis',(0.,0.,1.));
#1938=DIRECTION('',(-1.,0.,0.));
#1939=DIRECTION('center_axis',(0.,0.,1.));
#1940=DIRECTION('ref_axis',(0.707106781186548,0.707106781186548,0.));
#1941=DIRECTION('center_axis',(0.,0.,1.));
#1942=DIRECTION('ref_axis',(-0.707106781186551,0.707106781186544,0.));
#1943=DIRECTION('',(0.,0.,-1.));
#1944=DIRECTION('center_axis',(0.,0.,1.));
#1945=DIRECTION('ref_axis',(-0.707106781186551,0.707106781186544,0.));
#1946=DIRECTION('',(0.,0.,1.));
#1947=DIRECTION('center_axis',(0.,1.,0.));
#1948=DIRECTION('ref_axis',(-1.,0.,0.));
#1949=DIRECTION('',(0.,0.,1.));
#1950=DIRECTION('',(-1.,0.,0.));
#1951=DIRECTION('center_axis',(0.,0.,1.));
#1952=DIRECTION('ref_axis',(0.707106781186544,0.707106781186551,0.));
#1953=DIRECTION('',(0.,0.,-1.));
#1954=DIRECTION('center_axis',(0.,0.,1.));
#1955=DIRECTION('ref_axis',(0.707106781186544,0.707106781186551,0.));
#1956=DIRECTION('center_axis',(1.,0.,0.));
#1957=DIRECTION('ref_axis',(0.,1.,0.));
#1958=DIRECTION('',(0.,0.,1.));
#1959=DIRECTION('',(0.,1.,0.));
#1960=DIRECTION('center_axis',(0.,0.,1.));
#1961=DIRECTION('ref_axis',(0.707106781186548,-0.707106781186548,0.));
#1962=DIRECTION('',(0.,0.,-1.));
#1963=DIRECTION('center_axis',(0.,0.,1.));
#1964=DIRECTION('ref_axis',(0.707106781186548,-0.707106781186548,0.));
#1965=DIRECTION('center_axis',(0.,-1.,0.));
#1966=DIRECTION('ref_axis',(1.,0.,0.));
#1967=DIRECTION('',(0.,0.,1.));
#1968=DIRECTION('',(1.,0.,0.));
#1969=DIRECTION('center_axis',(0.,0.,1.));
#1970=DIRECTION('ref_axis',(-0.707106781186548,-0.707106781186548,0.));
#1971=DIRECTION('',(0.,0.,-1.));
#1972=DIRECTION('center_axis',(0.,0.,1.));
#1973=DIRECTION('ref_axis',(-0.707106781186548,-0.707106781186548,0.));
#1974=DIRECTION('center_axis',(-1.,0.,0.));
#1975=DIRECTION('ref_axis',(0.,-1.,0.));
#1976=DIRECTION('',(0.,-1.,0.));
#1977=DIRECTION('center_axis',(0.,0.,1.));
#1978=DIRECTION('ref_axis',(1.,0.,0.));
#1979=DIRECTION('center_axis',(1.,-1.2432943757832E-15,0.));
#1980=DIRECTION('ref_axis',(1.2432943757832E-15,1.,0.));
#1981=DIRECTION('',(1.2432943757832E-15,1.,0.));
#1982=DIRECTION('',(0.,0.,1.));
#1983=DIRECTION('',(1.2432943757832E-15,1.,0.));
#1984=DIRECTION('',(0.,0.,1.));
#1985=DIRECTION('',(0.,0.,1.));
#1986=DIRECTION('center_axis',(2.33117695459351E-15,-1.,0.));
#1987=DIRECTION('ref_axis',(1.,2.33117695459351E-15,0.));
#1988=DIRECTION('',(1.,2.33117695459351E-15,0.));
#1989=DIRECTION('',(1.,2.33117695459351E-15,0.));
#1990=DIRECTION('',(0.,0.,1.));
#1991=DIRECTION('center_axis',(-1.,0.,0.));
#1992=DIRECTION('ref_axis',(0.,-1.,0.));
#1993=DIRECTION('',(0.,-1.,0.));
#1994=DIRECTION('',(0.,-1.,0.));
#1995=DIRECTION('',(0.,0.,1.));
#1996=DIRECTION('center_axis',(-0.707106781186547,0.707106781186548,0.));
#1997=DIRECTION('ref_axis',(-0.707106781186548,-0.707106781186547,0.));
#1998=DIRECTION('',(-0.707106781186548,-0.707106781186547,0.));
#1999=DIRECTION('',(-0.707106781186548,-0.707106781186547,0.));
#2000=DIRECTION('',(0.,0.,1.));
#2001=DIRECTION('',(0.,0.,1.));
#2002=DIRECTION('',(0.,0.,1.));
#2003=DIRECTION('',(0.,0.,1.));
#2004=DIRECTION('',(0.,0.,1.));
#2005=DIRECTION('',(0.,0.,1.));
#2006=DIRECTION('center_axis',(0.707106781186549,-0.707106781186546,0.));
#2007=DIRECTION('ref_axis',(0.707106781186546,0.707106781186549,0.));
#2008=DIRECTION('',(0.707106781186546,0.707106781186549,0.));
#2009=DIRECTION('',(0.707106781186546,0.707106781186549,0.));
#2010=DIRECTION('',(0.,0.,1.));
#2011=DIRECTION('center_axis',(-1.,1.37684862726659E-15,0.));
#2012=DIRECTION('ref_axis',(-1.37684862726659E-15,-1.,0.));
#2013=DIRECTION('',(-1.37684862726659E-15,-1.,0.));
#2014=DIRECTION('',(-1.37684862726659E-15,-1.,0.));
#2015=DIRECTION('',(0.,0.,1.));
#2016=DIRECTION('',(0.,0.,1.));
#2017=DIRECTION('',(0.,0.,1.));
#2018=DIRECTION('',(0.,0.,1.));
#2019=DIRECTION('',(0.,0.,1.));
#2020=DIRECTION('center_axis',(1.,9.65623827282777E-16,0.));
#2021=DIRECTION('ref_axis',(-9.65623827282777E-16,1.,0.));
#2022=DIRECTION('',(-9.65623827282777E-16,1.,0.));
#2023=DIRECTION('',(-9.65623827282777E-16,1.,0.));
#2024=DIRECTION('',(0.,0.,1.));
#2025=DIRECTION('center_axis',(-0.707106866466284,-0.707106695906801,0.));
#2026=DIRECTION('ref_axis',(0.707106695906801,-0.707106866466284,0.));
#2027=DIRECTION('',(0.707106695906801,-0.707106866466284,0.));
#2028=DIRECTION('',(0.707106695906801,-0.707106866466284,0.));
#2029=DIRECTION('',(0.,0.,1.));
#2030=DIRECTION('',(0.,0.,1.));
#2031=DIRECTION('',(0.,0.,1.));
#2032=DIRECTION('',(0.,0.,1.));
#2033=DIRECTION('',(0.,0.,1.));
#2034=DIRECTION('',(0.,0.,1.));
#2035=DIRECTION('center_axis',(0.707106714797208,0.707106847575881,0.));
#2036=DIRECTION('ref_axis',(-0.707106847575881,0.707106714797208,0.));
#2037=DIRECTION('',(-0.707106847575881,0.707106714797208,0.));
#2038=DIRECTION('',(-0.707106847575881,0.707106714797208,0.));
#2039=DIRECTION('',(0.,0.,1.));
#2040=DIRECTION('center_axis',(0.,-1.,0.));
#2041=DIRECTION('ref_axis',(1.,0.,0.));
#2042=DIRECTION('',(1.,0.,0.));
#2043=DIRECTION('',(1.,0.,0.));
#2044=DIRECTION('',(0.,0.,1.));
#2045=DIRECTION('',(0.,0.,1.));
#2046=DIRECTION('center_axis',(-1.,0.,0.));
#2047=DIRECTION('ref_axis',(0.,-1.,0.));
#2048=DIRECTION('',(0.,-1.,0.));
#2049=DIRECTION('',(0.,-1.,0.));
#2050=DIRECTION('',(0.,0.,1.));
#2051=DIRECTION('',(0.,0.,1.));
#2052=DIRECTION('center_axis',(-0.707072771146036,0.707140789591341,0.));
#2053=DIRECTION('ref_axis',(-0.707140789591341,-0.707072771146036,0.));
#2054=DIRECTION('',(-0.707140789591341,-0.707072771146036,0.));
#2055=DIRECTION('',(-0.707140789591341,-0.707072771146036,0.));
#2056=DIRECTION('',(0.,0.,1.));
#2057=DIRECTION('',(0.,0.,1.));
#2058=DIRECTION('center_axis',(0.707108573210166,0.707104989158388,0.));
#2059=DIRECTION('ref_axis',(-0.707104989158388,0.707108573210166,0.));
#2060=DIRECTION('',(-0.707104989158388,0.707108573210166,0.));
#2061=DIRECTION('',(-0.707104989158388,0.707108573210166,0.));
#2062=DIRECTION('',(0.,0.,1.));
#2063=DIRECTION('center_axis',(0.,0.,1.));
#2064=DIRECTION('ref_axis',(1.,0.,0.));
#2065=DIRECTION('center_axis',(0.,0.,1.));
#2066=DIRECTION('ref_axis',(1.,0.,0.));
#2067=DIRECTION('center_axis',(0.,-1.,0.));
#2068=DIRECTION('ref_axis',(1.,0.,0.));
#2069=DIRECTION('',(1.,0.,0.));
#2070=DIRECTION('',(0.,0.,1.));
#2071=DIRECTION('',(1.,0.,0.));
#2072=DIRECTION('',(0.,0.,1.));
#2073=DIRECTION('center_axis',(-1.,0.,0.));
#2074=DIRECTION('ref_axis',(0.,-1.,0.));
#2075=DIRECTION('',(0.,-1.,0.));
#2076=DIRECTION('',(0.,-1.,0.));
#2077=DIRECTION('',(0.,0.,1.));
#2078=DIRECTION('center_axis',(0.,1.,0.));
#2079=DIRECTION('ref_axis',(-1.,0.,0.));
#2080=DIRECTION('',(-1.,0.,0.));
#2081=DIRECTION('',(-1.,0.,0.));
#2082=DIRECTION('',(0.,0.,1.));
#2083=DIRECTION('center_axis',(1.,0.,0.));
#2084=DIRECTION('ref_axis',(0.,1.,0.));
#2085=DIRECTION('',(0.,1.,0.));
#2086=DIRECTION('',(0.,1.,0.));
#2087=DIRECTION('center_axis',(0.,0.,1.));
#2088=DIRECTION('ref_axis',(1.,0.,0.));
#2089=DIRECTION('center_axis',(0.,0.,1.));
#2090=DIRECTION('ref_axis',(1.,0.,0.));
#2091=DIRECTION('center_axis',(0.,-1.,0.));
#2092=DIRECTION('ref_axis',(1.,0.,0.));
#2093=DIRECTION('',(1.,0.,0.));
#2094=DIRECTION('',(0.,0.,1.));
#2095=DIRECTION('',(1.,0.,0.));
#2096=DIRECTION('',(0.,0.,1.));
#2097=DIRECTION('center_axis',(-1.,0.,0.));
#2098=DIRECTION('ref_axis',(0.,-1.,0.));
#2099=DIRECTION('',(0.,-1.,0.));
#2100=DIRECTION('',(0.,-1.,0.));
#2101=DIRECTION('',(0.,0.,1.));
#2102=DIRECTION('center_axis',(0.,1.,0.));
#2103=DIRECTION('ref_axis',(-1.,0.,0.));
#2104=DIRECTION('',(-1.,0.,0.));
#2105=DIRECTION('',(-1.,0.,0.));
#2106=DIRECTION('',(0.,0.,1.));
#2107=DIRECTION('center_axis',(1.,0.,0.));
#2108=DIRECTION('ref_axis',(0.,1.,0.));
#2109=DIRECTION('',(0.,1.,0.));
#2110=DIRECTION('',(0.,1.,0.));
#2111=DIRECTION('center_axis',(0.,0.,1.));
#2112=DIRECTION('ref_axis',(1.,0.,0.));
#2113=DIRECTION('center_axis',(0.,0.,1.));
#2114=DIRECTION('ref_axis',(1.,0.,0.));
#2115=DIRECTION('',(0.,0.,1.));
#2116=DIRECTION('',(0.,0.,1.));
#2117=DIRECTION('',(0.,0.,1.));
#2118=DIRECTION('',(0.,0.,1.));
#2119=DIRECTION('',(0.,0.,1.));
#2120=DIRECTION('',(0.,0.,1.));
#2121=DIRECTION('',(0.,0.,1.));
#2122=DIRECTION('',(0.,0.,1.));
#2123=DIRECTION('center_axis',(0.,0.,1.));
#2124=DIRECTION('ref_axis',(1.,0.,0.));
#2125=DIRECTION('center_axis',(0.,0.,1.));
#2126=DIRECTION('ref_axis',(1.,0.,0.));
#2127=DIRECTION('',(0.,0.,1.));
#2128=DIRECTION('',(0.,0.,1.));
#2129=DIRECTION('',(0.,0.,1.));
#2130=DIRECTION('center_axis',(0.,0.,1.));
#2131=DIRECTION('ref_axis',(1.,0.,0.));
#2132=DIRECTION('center_axis',(0.,0.,-1.));
#2133=DIRECTION('ref_axis',(1.,0.,0.));
#2134=DIRECTION('center_axis',(0.,0.,-1.));
#2135=DIRECTION('ref_axis',(1.,0.,0.));
#2136=DIRECTION('center_axis',(0.,0.,1.));
#2137=DIRECTION('ref_axis',(1.,0.,0.));
#2138=DIRECTION('center_axis',(0.,0.,-1.));
#2139=DIRECTION('ref_axis',(1.,0.,0.));
#2140=DIRECTION('',(0.,0.,1.));
#2141=DIRECTION('center_axis',(0.,0.,1.));
#2142=DIRECTION('ref_axis',(1.,0.,0.));
#2143=DIRECTION('',(0.,0.,1.));
#2144=DIRECTION('',(0.,0.,1.));
#2145=DIRECTION('center_axis',(0.,0.,1.));
#2146=DIRECTION('ref_axis',(1.,0.,0.));
#2147=DIRECTION('center_axis',(0.,0.,1.));
#2148=DIRECTION('ref_axis',(1.,0.,0.));
#2149=CARTESIAN_POINT('',(0.,0.,0.));
#2150=CARTESIAN_POINT('Origin',(94.8527944468998,-52.3418750602855,2.));
#2151=CARTESIAN_POINT('',(102.205587575047,-52.3418750602855,3.));
#2152=CARTESIAN_POINT('',(74.479850947268,-52.3418750602855,3.));
#2153=CARTESIAN_POINT('',(94.8527944468998,-52.3418750602855,3.));
#2154=CARTESIAN_POINT('',(75.479850947268,-53.3418750602855,2.));
#2155=CARTESIAN_POINT('Origin',(74.479850947268,-52.3418750602855,2.));
#2156=CARTESIAN_POINT('',(101.205587575047,-53.3418750602855,2.));
#2157=CARTESIAN_POINT('',(94.8527944468998,-53.3418750602855,2.));
#2158=CARTESIAN_POINT('Origin',(102.205587575047,-52.3418750602855,2.));
#2159=CARTESIAN_POINT('Origin',(74.479850947268,-68.6709381559915,2.));
#2160=CARTESIAN_POINT('',(75.479850947268,-67.3418750602855,2.));
#2161=CARTESIAN_POINT('',(75.479850947268,-68.6709381559915,2.));
#2162=CARTESIAN_POINT('',(74.479850947268,-68.3418750602854,3.));
#2163=CARTESIAN_POINT('',(74.479850947268,-68.6709381559915,3.));
#2164=CARTESIAN_POINT('Origin',(74.479850947268,-68.3418750602854,2.));
#2165=CARTESIAN_POINT('Origin',(102.205587575047,-75.6709381559915,2.));
#2166=CARTESIAN_POINT('',(102.205587575047,-68.3418750602854,3.));
#2167=CARTESIAN_POINT('',(102.205587575047,-75.6709381559915,3.));
#2168=CARTESIAN_POINT('',(101.205587575047,-67.3418750602855,2.));
#2169=CARTESIAN_POINT('',(101.205587575047,-75.6709381559915,2.));
#2170=CARTESIAN_POINT('Origin',(102.205587575047,-68.3418750602854,2.));
#2171=CARTESIAN_POINT('Origin',(81.9899261330104,-68.3418750602854,2.));
#2172=CARTESIAN_POINT('',(81.9899261330104,-68.3418750602854,3.));
#2173=CARTESIAN_POINT('',(81.9899261330104,-67.3418750602855,2.));
#2174=CARTESIAN_POINT('Origin',(101.205587575047,-67.3418750602855,0.));
#2175=CARTESIAN_POINT('',(101.205587575047,-53.3418750602855,0.));
#2176=CARTESIAN_POINT('',(101.205587575047,-53.3418750602855,0.));
#2177=CARTESIAN_POINT('',(101.205587575047,-67.3418750602855,0.));
#2178=CARTESIAN_POINT('',(101.205587575047,-75.6709381559915,0.));
#2179=CARTESIAN_POINT('',(101.205587575047,-67.3418750602855,0.));
#2180=CARTESIAN_POINT('Origin',(101.205587575047,-53.3418750602855,0.));
#2181=CARTESIAN_POINT('',(75.479850947268,-53.3418750602855,0.));
#2182=CARTESIAN_POINT('',(75.479850947268,-53.3418750602855,0.));
#2183=CARTESIAN_POINT('',(94.8527944468998,-53.3418750602855,0.));
#2184=CARTESIAN_POINT('Origin',(88.5000013187528,-84.0000012516975,3.));
#2185=CARTESIAN_POINT('',(130.000001952052,-48.0000006854534,3.));
#2186=CARTESIAN_POINT('',(130.000001952052,-120.000001817942,3.));
#2187=CARTESIAN_POINT('',(130.000001952052,-103.00000153482,3.));
#2188=CARTESIAN_POINT('',(129.000001952052,-47.0000006854534,3.));
#2189=CARTESIAN_POINT('Origin',(129.000001952052,-48.0000006854534,3.));
#2190=CARTESIAN_POINT('',(48.0000006854534,-47.0000006854534,3.));
#2191=CARTESIAN_POINT('',(109.750001635402,-47.0000006854534,3.));
#2192=CARTESIAN_POINT('',(47.0000006854534,-48.0000006854534,3.));
#2193=CARTESIAN_POINT('Origin',(48.0000006854534,-48.0000006854534,3.));
#2194=CARTESIAN_POINT('',(47.0000006854534,-120.000001817942,3.));
#2195=CARTESIAN_POINT('',(47.0000006854534,-65.0000009685755,3.));
#2196=CARTESIAN_POINT('',(48.0000006854534,-121.000001817942,3.));
#2197=CARTESIAN_POINT('Origin',(48.0000006854534,-120.000001817942,3.));
#2198=CARTESIAN_POINT('',(129.000001952052,-121.000001817942,3.));
#2199=CARTESIAN_POINT('',(67.2500010021031,-121.000001817942,3.));
#2200=CARTESIAN_POINT('Origin',(129.000001952052,-120.000001817942,3.));
#2201=CARTESIAN_POINT('',(48.2500007450581,-57.0000008493662,3.));
#2202=CARTESIAN_POINT('Origin',(50.0000007450581,-57.0000008493662,3.));
#2203=CARTESIAN_POINT('',(48.2500007450581,-111.000001654029,3.));
#2204=CARTESIAN_POINT('Origin',(50.0000007450581,-111.000001654029,3.));
#2205=CARTESIAN_POINT('',(125.250001892447,-57.0000008493662,3.));
#2206=CARTESIAN_POINT('Origin',(127.000001892447,-57.0000008493662,3.));
#2207=CARTESIAN_POINT('',(125.250001892447,-111.000001654029,3.));
#2208=CARTESIAN_POINT('Origin',(127.000001892447,-111.000001654029,3.));
#2209=CARTESIAN_POINT('',(112.58000646948,-79.683958790081,3.));
#2210=CARTESIAN_POINT('Origin',(114.63000646948,-79.683958790081,3.));
#2211=CARTESIAN_POINT('',(112.593385432053,-91.7118234283563,3.));
#2212=CARTESIAN_POINT('Origin',(114.643385432053,-91.7118234283563,3.));
#2213=CARTESIAN_POINT('Origin',(114.643385432053,-91.7118234283563,0.));
#2214=CARTESIAN_POINT('',(112.593385432053,-91.7118234283563,0.));
#2215=CARTESIAN_POINT('Origin',(114.643385432053,-91.7118234283563,0.));
#2216=CARTESIAN_POINT('',(112.593385432053,-91.7118234283563,0.));
#2217=CARTESIAN_POINT('Origin',(114.63000646948,-79.683958790081,0.));
#2218=CARTESIAN_POINT('',(112.58000646948,-79.683958790081,0.));
#2219=CARTESIAN_POINT('Origin',(114.63000646948,-79.683958790081,0.));
#2220=CARTESIAN_POINT('',(112.58000646948,-79.683958790081,0.));
#2221=CARTESIAN_POINT('Origin',(75.479850947268,-67.3418750602855,0.));
#2222=CARTESIAN_POINT('',(75.479850947268,-67.3418750602855,0.));
#2223=CARTESIAN_POINT('',(81.9899261330104,-67.3418750602855,0.));
#2224=CARTESIAN_POINT('',(75.479850947268,-67.3418750602855,0.));
#2225=CARTESIAN_POINT('Origin',(75.479850947268,-53.3418750602855,0.));
#2226=CARTESIAN_POINT('',(75.479850947268,-68.6709381559915,0.));
#2227=CARTESIAN_POINT('Origin',(127.000001892447,-111.000001654029,0.));
#2228=CARTESIAN_POINT('',(125.250001892447,-111.000001654029,0.));
#2229=CARTESIAN_POINT('Origin',(127.000001892447,-111.000001654029,0.));
#2230=CARTESIAN_POINT('',(125.250001892447,-111.000001654029,0.));
#2231=CARTESIAN_POINT('Origin',(127.000001892447,-57.0000008493662,0.));
#2232=CARTESIAN_POINT('',(125.250001892447,-57.0000008493662,0.));
#2233=CARTESIAN_POINT('Origin',(127.000001892447,-57.0000008493662,0.));
#2234=CARTESIAN_POINT('',(125.250001892447,-57.0000008493662,0.));
#2235=CARTESIAN_POINT('Origin',(50.0000007450581,-111.000001654029,0.));
#2236=CARTESIAN_POINT('',(48.2500007450581,-111.000001654029,0.));
#2237=CARTESIAN_POINT('Origin',(50.0000007450581,-111.000001654029,0.));
#2238=CARTESIAN_POINT('',(48.2500007450581,-111.000001654029,0.));
#2239=CARTESIAN_POINT('Origin',(50.0000007450581,-57.0000008493662,0.));
#2240=CARTESIAN_POINT('',(48.2500007450581,-57.0000008493662,0.));
#2241=CARTESIAN_POINT('Origin',(50.0000007450581,-57.0000008493662,0.));
#2242=CARTESIAN_POINT('',(48.2500007450581,-57.0000008493662,0.));
#2243=CARTESIAN_POINT('Origin',(130.000001952052,-103.00000153482,2.));
#2244=CARTESIAN_POINT('',(131.000001952052,-48.0000006854534,2.));
#2245=CARTESIAN_POINT('Origin',(130.000001952052,-48.0000006854534,2.));
#2246=CARTESIAN_POINT('',(131.000001952052,-120.000001817942,2.));
#2247=CARTESIAN_POINT('Origin',(130.000001952052,-120.000001817942,2.));
#2248=CARTESIAN_POINT('',(131.000001952052,-103.00000153482,2.));
#2249=CARTESIAN_POINT('Ctrl Pts',(130.000001952052,-120.000001817942,3.));
#2250=CARTESIAN_POINT('Ctrl Pts',(130.000001952052,-121.000001817942,3.));
#2251=CARTESIAN_POINT('Ctrl Pts',(129.000001952052,-121.000001817942,3.));
#2252=CARTESIAN_POINT('Ctrl Pts',(131.000001952052,-120.000001817942,3.00000000000002));
#2253=CARTESIAN_POINT('Ctrl Pts',(131.000001952052,-122.000001817942,3.00000000000002));
#2254=CARTESIAN_POINT('Ctrl Pts',(129.000001952052,-122.000001817942,3.00000000000002));
#2255=CARTESIAN_POINT('Ctrl Pts',(131.000001952052,-120.000001817942,2.));
#2256=CARTESIAN_POINT('Ctrl Pts',(131.000001952052,-122.000001817942,2.));
#2257=CARTESIAN_POINT('Ctrl Pts',(129.000001952052,-122.000001817942,2.));
#2258=CARTESIAN_POINT('',(129.000001952052,-122.000001817942,2.));
#2259=CARTESIAN_POINT('Origin',(129.000001952052,-121.000001817942,2.));
#2260=CARTESIAN_POINT('Origin',(129.000001952052,-120.000001817942,2.));
#2261=CARTESIAN_POINT('Origin',(67.2500010021031,-121.000001817942,2.));
#2262=CARTESIAN_POINT('',(48.0000006854534,-122.000001817942,2.));
#2263=CARTESIAN_POINT('Origin',(48.0000006854534,-121.000001817942,2.));
#2264=CARTESIAN_POINT('',(67.2500010021031,-122.000001817942,2.));
#2265=CARTESIAN_POINT('Ctrl Pts',(48.0000006854534,-121.000001817942,3.));
#2266=CARTESIAN_POINT('Ctrl Pts',(47.0000006854534,-121.000001817942,3.));
#2267=CARTESIAN_POINT('Ctrl Pts',(47.0000006854534,-120.000001817942,3.));
#2268=CARTESIAN_POINT('Ctrl Pts',(48.0000006854534,-122.000001817942,3.00000000000002));
#2269=CARTESIAN_POINT('Ctrl Pts',(46.0000006854534,-122.000001817942,3.00000000000002));
#2270=CARTESIAN_POINT('Ctrl Pts',(46.0000006854534,-120.000001817942,3.00000000000002));
#2271=CARTESIAN_POINT('Ctrl Pts',(48.0000006854534,-122.000001817942,2.));
#2272=CARTESIAN_POINT('Ctrl Pts',(46.0000006854534,-122.000001817942,2.));
#2273=CARTESIAN_POINT('Ctrl Pts',(46.0000006854534,-120.000001817942,2.));
#2274=CARTESIAN_POINT('',(46.0000006854534,-120.000001817942,2.));
#2275=CARTESIAN_POINT('Origin',(47.0000006854534,-120.000001817942,2.));
#2276=CARTESIAN_POINT('Origin',(48.0000006854534,-120.000001817942,2.));
#2277=CARTESIAN_POINT('Origin',(47.0000006854534,-65.0000009685755,2.));
#2278=CARTESIAN_POINT('',(46.0000006854534,-48.0000006854534,2.));
#2279=CARTESIAN_POINT('Origin',(47.0000006854534,-48.0000006854534,2.));
#2280=CARTESIAN_POINT('',(46.0000006854534,-65.0000009685755,2.));
#2281=CARTESIAN_POINT('Ctrl Pts',(47.0000006854534,-48.0000006854534,3.));
#2282=CARTESIAN_POINT('Ctrl Pts',(47.0000006854534,-47.0000006854534,3.));
#2283=CARTESIAN_POINT('Ctrl Pts',(48.0000006854534,-47.0000006854534,3.));
#2284=CARTESIAN_POINT('Ctrl Pts',(46.0000006854534,-48.0000006854534,3.));
#2285=CARTESIAN_POINT('Ctrl Pts',(46.0000006854534,-46.0000006854534,3.));
#2286=CARTESIAN_POINT('Ctrl Pts',(48.0000006854534,-46.0000006854534,3.));
#2287=CARTESIAN_POINT('Ctrl Pts',(46.0000006854534,-48.0000006854534,2.));
#2288=CARTESIAN_POINT('Ctrl Pts',(46.0000006854534,-46.0000006854534,2.));
#2289=CARTESIAN_POINT('Ctrl Pts',(48.0000006854534,-46.0000006854534,2.));
#2290=CARTESIAN_POINT('',(48.0000006854534,-46.0000006854534,2.));
#2291=CARTESIAN_POINT('Origin',(48.0000006854534,-47.0000006854534,2.));
#2292=CARTESIAN_POINT('Origin',(48.0000006854534,-48.0000006854534,2.));
#2293=CARTESIAN_POINT('Origin',(109.750001635402,-47.0000006854534,2.));
#2294=CARTESIAN_POINT('',(129.000001952052,-46.0000006854534,2.));
#2295=CARTESIAN_POINT('Origin',(129.000001952052,-47.0000006854534,2.));
#2296=CARTESIAN_POINT('',(109.750001635402,-46.0000006854534,2.));
#2297=CARTESIAN_POINT('Ctrl Pts',(129.000001952052,-47.0000006854534,3.));
#2298=CARTESIAN_POINT('Ctrl Pts',(130.000001952052,-47.0000006854534,3.));
#2299=CARTESIAN_POINT('Ctrl Pts',(130.000001952052,-48.0000006854534,3.));
#2300=CARTESIAN_POINT('Ctrl Pts',(129.000001952052,-46.0000006854534,3.00000000000002));
#2301=CARTESIAN_POINT('Ctrl Pts',(131.000001952052,-46.0000006854534,3.00000000000002));
#2302=CARTESIAN_POINT('Ctrl Pts',(131.000001952052,-48.0000006854534,3.00000000000002));
#2303=CARTESIAN_POINT('Ctrl Pts',(129.000001952052,-46.0000006854534,2.));
#2304=CARTESIAN_POINT('Ctrl Pts',(131.000001952052,-46.0000006854534,2.));
#2305=CARTESIAN_POINT('Ctrl Pts',(131.000001952052,-48.0000006854534,2.));
#2306=CARTESIAN_POINT('Origin',(129.000001952052,-48.0000006854534,2.));
#2307=CARTESIAN_POINT('Origin',(48.0000006854534,-48.0000006854534,0.));
#2308=CARTESIAN_POINT('',(48.0000006854534,-46.0000006854534,0.));
#2309=CARTESIAN_POINT('',(48.0000006854534,-46.0000006854534,0.));
#2310=CARTESIAN_POINT('',(46.0000006854534,-48.0000006854534,0.));
#2311=CARTESIAN_POINT('Origin',(48.0000006854534,-48.0000006854534,0.));
#2312=CARTESIAN_POINT('',(46.0000006854534,-48.0000006854534,0.));
#2313=CARTESIAN_POINT('Origin',(131.000001952052,-46.0000006854534,0.));
#2314=CARTESIAN_POINT('',(129.000001952052,-46.0000006854534,0.));
#2315=CARTESIAN_POINT('',(129.000001952052,-46.0000006854534,0.));
#2316=CARTESIAN_POINT('',(131.000001952052,-46.0000006854534,0.));
#2317=CARTESIAN_POINT('Origin',(129.000001952052,-48.0000006854534,0.));
#2318=CARTESIAN_POINT('',(131.000001952052,-48.0000006854534,0.));
#2319=CARTESIAN_POINT('',(131.000001952052,-48.0000006854534,0.));
#2320=CARTESIAN_POINT('Origin',(129.000001952052,-48.0000006854534,0.));
#2321=CARTESIAN_POINT('Origin',(131.000001952052,-122.000001817942,0.));
#2322=CARTESIAN_POINT('',(131.000001952052,-120.000001817942,0.));
#2323=CARTESIAN_POINT('',(131.000001952052,-120.000001817942,0.));
#2324=CARTESIAN_POINT('',(131.000001952052,-122.000001817942,0.));
#2325=CARTESIAN_POINT('Origin',(129.000001952052,-120.000001817942,0.));
#2326=CARTESIAN_POINT('',(129.000001952052,-122.000001817942,0.));
#2327=CARTESIAN_POINT('',(129.000001952052,-122.000001817942,0.));
#2328=CARTESIAN_POINT('Origin',(129.000001952052,-120.000001817942,0.));
#2329=CARTESIAN_POINT('Origin',(46.0000006854534,-122.000001817942,0.));
#2330=CARTESIAN_POINT('',(48.0000006854534,-122.000001817942,0.));
#2331=CARTESIAN_POINT('',(48.0000006854534,-122.000001817942,0.));
#2332=CARTESIAN_POINT('',(46.0000006854534,-122.000001817942,0.));
#2333=CARTESIAN_POINT('Origin',(48.0000006854534,-120.000001817942,0.));
#2334=CARTESIAN_POINT('',(46.0000006854534,-120.000001817942,0.));
#2335=CARTESIAN_POINT('',(46.0000006854534,-120.000001817942,0.));
#2336=CARTESIAN_POINT('Origin',(48.0000006854534,-120.000001817942,0.));
#2337=CARTESIAN_POINT('Origin',(46.0000006854534,-46.0000006854534,0.));
#2338=CARTESIAN_POINT('',(46.0000006854534,-46.0000006854534,0.));
#2339=CARTESIAN_POINT('Origin',(88.5000013187528,-84.0000012516975,0.));
#2340=CARTESIAN_POINT('Origin',(77.405540238695,-110.114659067982,2.8));
#2341=CARTESIAN_POINT('',(77.405540238695,-110.114659067982,2.8));
#2342=CARTESIAN_POINT('',(77.405540238695,-102.970909067982,2.8));
#2343=CARTESIAN_POINT('',(77.405540238695,-110.114659067982,2.8));
#2344=CARTESIAN_POINT('',(77.405540238695,-102.970909067982,3.6));
#2345=CARTESIAN_POINT('',(77.405540238695,-102.970909067982,2.8));
#2346=CARTESIAN_POINT('',(77.405540238695,-110.114659067982,3.6));
#2347=CARTESIAN_POINT('',(77.405540238695,-110.114659067982,3.6));
#2348=CARTESIAN_POINT('',(77.405540238695,-110.114659067982,2.8));
#2349=CARTESIAN_POINT('Ctrl Pts',(76.214915238695,-111.305284067982,2.8));
#2350=CARTESIAN_POINT('Ctrl Pts',(76.214915238695,-111.305284067982,3.6));
#2351=CARTESIAN_POINT('Ctrl Pts',(76.869758988695,-111.305284067982,2.8));
#2352=CARTESIAN_POINT('Ctrl Pts',(76.869758988695,-111.305284067982,3.6));
#2353=CARTESIAN_POINT('Ctrl Pts',(77.405540238695,-110.769502817982,2.8));
#2354=CARTESIAN_POINT('Ctrl Pts',(77.405540238695,-110.769502817982,3.6));
#2355=CARTESIAN_POINT('Ctrl Pts',(77.405540238695,-110.114659067982,2.8));
#2356=CARTESIAN_POINT('Ctrl Pts',(77.405540238695,-110.114659067982,3.6));
#2357=CARTESIAN_POINT('',(76.214915238695,-111.305284067982,2.8));
#2358=CARTESIAN_POINT('Ctrl Pts',(76.214915238695,-111.305284067982,2.8));
#2359=CARTESIAN_POINT('Ctrl Pts',(76.869758988695,-111.305284067982,2.8));
#2360=CARTESIAN_POINT('Ctrl Pts',(77.405540238695,-110.769502817982,2.8));
#2361=CARTESIAN_POINT('Ctrl Pts',(77.405540238695,-110.114659067982,2.8));
#2362=CARTESIAN_POINT('',(76.214915238695,-111.305284067982,3.6));
#2363=CARTESIAN_POINT('Ctrl Pts',(76.214915238695,-111.305284067982,3.6));
#2364=CARTESIAN_POINT('Ctrl Pts',(76.869758988695,-111.305284067982,3.6));
#2365=CARTESIAN_POINT('Ctrl Pts',(77.405540238695,-110.769502817982,3.6));
#2366=CARTESIAN_POINT('Ctrl Pts',(77.405540238695,-110.114659067982,3.6));
#2367=CARTESIAN_POINT('',(76.214915238695,-111.305284067982,2.8));
#2368=CARTESIAN_POINT('Origin',(68.594915238695,-111.305284067982,2.8));
#2369=CARTESIAN_POINT('',(68.594915238695,-111.305284067982,2.8));
#2370=CARTESIAN_POINT('',(68.594915238695,-111.305284067982,2.8));
#2371=CARTESIAN_POINT('',(68.594915238695,-111.305284067982,3.6));
#2372=CARTESIAN_POINT('',(68.594915238695,-111.305284067982,3.6));
#2373=CARTESIAN_POINT('',(68.594915238695,-111.305284067982,2.8));
#2374=CARTESIAN_POINT('Origin',(68.594915238695,-108.854183680409,2.8));
#2375=CARTESIAN_POINT('',(68.594915238695,-108.854183680409,2.8));
#2376=CARTESIAN_POINT('',(68.594915238695,-108.854183680409,2.8));
#2377=CARTESIAN_POINT('',(68.594915238695,-108.854183680409,3.6));
#2378=CARTESIAN_POINT('',(68.594915238695,-108.854183680409,3.6));
#2379=CARTESIAN_POINT('',(68.594915238695,-108.854183680409,2.8));
#2380=CARTESIAN_POINT('Origin',(72.080271779375,-105.368827139729,2.8));
#2381=CARTESIAN_POINT('',(72.080271779375,-105.368827139729,2.8));
#2382=CARTESIAN_POINT('',(72.080271779375,-105.368827139729,2.8));
#2383=CARTESIAN_POINT('',(72.080271779375,-105.368827139729,3.6));
#2384=CARTESIAN_POINT('',(72.080271779375,-105.368827139729,3.6));
#2385=CARTESIAN_POINT('',(72.080271779375,-105.368827139729,2.8));
#2386=CARTESIAN_POINT('Ctrl Pts',(72.643040238695,-105.471221567982,2.8));
#2387=CARTESIAN_POINT('Ctrl Pts',(72.643040238695,-105.471221567982,3.6));
#2388=CARTESIAN_POINT('Ctrl Pts',(72.444602738695,-105.471221567982,2.8));
#2389=CARTESIAN_POINT('Ctrl Pts',(72.444602738695,-105.471221567982,3.6));
#2390=CARTESIAN_POINT('Ctrl Pts',(72.2556898511218,-105.433915221089,2.8));
#2391=CARTESIAN_POINT('Ctrl Pts',(72.2556898511218,-105.433915221089,3.6));
#2392=CARTESIAN_POINT('Ctrl Pts',(72.080271779375,-105.368827139729,2.8));
#2393=CARTESIAN_POINT('Ctrl Pts',(72.080271779375,-105.368827139729,3.6));
#2394=CARTESIAN_POINT('',(72.643040238695,-105.471221567982,2.8));
#2395=CARTESIAN_POINT('Ctrl Pts',(72.643040238695,-105.471221567982,2.8));
#2396=CARTESIAN_POINT('Ctrl Pts',(72.444602738695,-105.471221567982,2.8));
#2397=CARTESIAN_POINT('Ctrl Pts',(72.2556898511218,-105.433915221089,2.8));
#2398=CARTESIAN_POINT('Ctrl Pts',(72.080271779375,-105.368827139729,2.8));
#2399=CARTESIAN_POINT('',(72.643040238695,-105.471221567982,3.6));
#2400=CARTESIAN_POINT('Ctrl Pts',(72.643040238695,-105.471221567982,3.6));
#2401=CARTESIAN_POINT('Ctrl Pts',(72.444602738695,-105.471221567982,3.6));
#2402=CARTESIAN_POINT('Ctrl Pts',(72.2556898511218,-105.433915221089,3.6));
#2403=CARTESIAN_POINT('Ctrl Pts',(72.080271779375,-105.368827139729,3.6));
#2404=CARTESIAN_POINT('',(72.643040238695,-105.471221567982,2.8));
#2405=CARTESIAN_POINT('Ctrl Pts',(74.270227738695,-103.844034067982,2.8));
#2406=CARTESIAN_POINT('Ctrl Pts',(74.270227738695,-103.844034067982,3.6));
#2407=CARTESIAN_POINT('Ctrl Pts',(74.270227738695,-104.740971810215,2.8));
#2408=CARTESIAN_POINT('Ctrl Pts',(74.270227738695,-104.740971810215,3.6));
#2409=CARTESIAN_POINT('Ctrl Pts',(73.5399779809283,-105.471221567982,2.8));
#2410=CARTESIAN_POINT('Ctrl Pts',(73.5399779809283,-105.471221567982,3.6));
#2411=CARTESIAN_POINT('Ctrl Pts',(72.643040238695,-105.471221567982,2.8));
#2412=CARTESIAN_POINT('Ctrl Pts',(72.643040238695,-105.471221567982,3.6));
#2413=CARTESIAN_POINT('',(74.270227738695,-103.844034067982,2.8));
#2414=CARTESIAN_POINT('Ctrl Pts',(74.270227738695,-103.844034067982,2.8));
#2415=CARTESIAN_POINT('Ctrl Pts',(74.270227738695,-104.740971810215,2.8));
#2416=CARTESIAN_POINT('Ctrl Pts',(73.5399779809283,-105.471221567982,2.8));
#2417=CARTESIAN_POINT('Ctrl Pts',(72.643040238695,-105.471221567982,2.8));
#2418=CARTESIAN_POINT('',(74.270227738695,-103.844034067982,3.6));
#2419=CARTESIAN_POINT('Ctrl Pts',(74.270227738695,-103.844034067982,3.6));
#2420=CARTESIAN_POINT('Ctrl Pts',(74.270227738695,-104.740971810215,3.6));
#2421=CARTESIAN_POINT('Ctrl Pts',(73.5399779809283,-105.471221567982,3.6));
#2422=CARTESIAN_POINT('Ctrl Pts',(72.643040238695,-105.471221567982,3.6));
#2423=CARTESIAN_POINT('',(74.270227738695,-103.844034067982,2.8));
#2424=CARTESIAN_POINT('Ctrl Pts',(72.643040238695,-102.216846567982,2.8));
#2425=CARTESIAN_POINT('Ctrl Pts',(72.643040238695,-102.216846567982,3.6));
#2426=CARTESIAN_POINT('Ctrl Pts',(73.5399779809283,-102.216846567982,2.8));
#2427=CARTESIAN_POINT('Ctrl Pts',(73.5399779809283,-102.216846567982,3.6));
#2428=CARTESIAN_POINT('Ctrl Pts',(74.270227738695,-102.947096325749,2.8));
#2429=CARTESIAN_POINT('Ctrl Pts',(74.270227738695,-102.947096325749,3.6));
#2430=CARTESIAN_POINT('Ctrl Pts',(74.270227738695,-103.844034067982,2.8));
#2431=CARTESIAN_POINT('Ctrl Pts',(74.270227738695,-103.844034067982,3.6));
#2432=CARTESIAN_POINT('',(72.643040238695,-102.216846567982,2.8));
#2433=CARTESIAN_POINT('Ctrl Pts',(72.643040238695,-102.216846567982,2.8));
#2434=CARTESIAN_POINT('Ctrl Pts',(73.5399779809283,-102.216846567982,2.8));
#2435=CARTESIAN_POINT('Ctrl Pts',(74.270227738695,-102.947096325749,2.8));
#2436=CARTESIAN_POINT('Ctrl Pts',(74.270227738695,-103.844034067982,2.8));
#2437=CARTESIAN_POINT('',(72.643040238695,-102.216846567982,3.6));
#2438=CARTESIAN_POINT('Ctrl Pts',(72.643040238695,-102.216846567982,3.6));
#2439=CARTESIAN_POINT('Ctrl Pts',(73.5399779809283,-102.216846567982,3.6));
#2440=CARTESIAN_POINT('Ctrl Pts',(74.270227738695,-102.947096325749,3.6));
#2441=CARTESIAN_POINT('Ctrl Pts',(74.270227738695,-103.844034067982,3.6));
#2442=CARTESIAN_POINT('',(72.643040238695,-102.216846567982,2.8));
#2443=CARTESIAN_POINT('Ctrl Pts',(71.015852738695,-103.844034067982,2.8));
#2444=CARTESIAN_POINT('Ctrl Pts',(71.015852738695,-103.844034067982,3.6));
#2445=CARTESIAN_POINT('Ctrl Pts',(71.015852738695,-102.947096325749,2.8));
#2446=CARTESIAN_POINT('Ctrl Pts',(71.015852738695,-102.947096325749,3.6));
#2447=CARTESIAN_POINT('Ctrl Pts',(71.7461024964617,-102.216846567982,2.8));
#2448=CARTESIAN_POINT('Ctrl Pts',(71.7461024964617,-102.216846567982,3.6));
#2449=CARTESIAN_POINT('Ctrl Pts',(72.643040238695,-102.216846567982,2.8));
#2450=CARTESIAN_POINT('Ctrl Pts',(72.643040238695,-102.216846567982,3.6));
#2451=CARTESIAN_POINT('',(71.015852738695,-103.844034067982,2.8));
#2452=CARTESIAN_POINT('Ctrl Pts',(71.015852738695,-103.844034067982,2.8));
#2453=CARTESIAN_POINT('Ctrl Pts',(71.015852738695,-102.947096325749,2.8));
#2454=CARTESIAN_POINT('Ctrl Pts',(71.7461024964617,-102.216846567982,2.8));
#2455=CARTESIAN_POINT('Ctrl Pts',(72.643040238695,-102.216846567982,2.8));
#2456=CARTESIAN_POINT('',(71.015852738695,-103.844034067982,3.6));
#2457=CARTESIAN_POINT('Ctrl Pts',(71.015852738695,-103.844034067982,3.6));
#2458=CARTESIAN_POINT('Ctrl Pts',(71.015852738695,-102.947096325749,3.6));
#2459=CARTESIAN_POINT('Ctrl Pts',(71.7461024964617,-102.216846567982,3.6));
#2460=CARTESIAN_POINT('Ctrl Pts',(72.643040238695,-102.216846567982,3.6));
#2461=CARTESIAN_POINT('',(71.015852738695,-103.844034067982,2.8));
#2462=CARTESIAN_POINT('Ctrl Pts',(71.0920532716082,-104.336158825749,2.8));
#2463=CARTESIAN_POINT('Ctrl Pts',(71.0920532716082,-104.336158825749,3.6));
#2464=CARTESIAN_POINT('Ctrl Pts',(71.0428399480151,-104.180583292835,2.8));
#2465=CARTESIAN_POINT('Ctrl Pts',(71.0428399480151,-104.180583292835,3.6));
#2466=CARTESIAN_POINT('Ctrl Pts',(71.015852738695,-104.015484358662,2.8));
#2467=CARTESIAN_POINT('Ctrl Pts',(71.015852738695,-104.015484358662,3.6));
#2468=CARTESIAN_POINT('Ctrl Pts',(71.015852738695,-103.844034067982,2.8));
#2469=CARTESIAN_POINT('Ctrl Pts',(71.015852738695,-103.844034067982,3.6));
#2470=CARTESIAN_POINT('',(71.0920532716082,-104.336158825749,2.8));
#2471=CARTESIAN_POINT('Ctrl Pts',(71.0920532716082,-104.336158825749,2.8));
#2472=CARTESIAN_POINT('Ctrl Pts',(71.0428399480151,-104.180583292835,2.8));
#2473=CARTESIAN_POINT('Ctrl Pts',(71.015852738695,-104.015484358662,2.8));
#2474=CARTESIAN_POINT('Ctrl Pts',(71.015852738695,-103.844034067982,2.8));
#2475=CARTESIAN_POINT('',(71.0920532716082,-104.336158825749,3.6));
#2476=CARTESIAN_POINT('Ctrl Pts',(71.0920532716082,-104.336158825749,3.6));
#2477=CARTESIAN_POINT('Ctrl Pts',(71.0428399480151,-104.180583292835,3.6));
#2478=CARTESIAN_POINT('Ctrl Pts',(71.015852738695,-104.015484358662,3.6));
#2479=CARTESIAN_POINT('Ctrl Pts',(71.015852738695,-103.844034067982,3.6));
#2480=CARTESIAN_POINT('',(71.0920532716082,-104.336158825749,2.8));
#2481=CARTESIAN_POINT('Origin',(68.594915238695,-106.833296858662,2.8));
#2482=CARTESIAN_POINT('',(68.594915238695,-106.833296858662,2.8));
#2483=CARTESIAN_POINT('',(68.594915238695,-106.833296858662,2.8));
#2484=CARTESIAN_POINT('',(68.594915238695,-106.833296858662,3.6));
#2485=CARTESIAN_POINT('',(68.594915238695,-106.833296858662,3.6));
#2486=CARTESIAN_POINT('',(68.594915238695,-106.833296858662,2.8));
#2487=CARTESIAN_POINT('Origin',(68.594915238695,-100.382490269535,2.8));
#2488=CARTESIAN_POINT('',(68.594915238695,-100.382490269535,2.8));
#2489=CARTESIAN_POINT('',(68.594915238695,-100.382490269535,2.8));
#2490=CARTESIAN_POINT('',(68.594915238695,-100.382490269535,3.6));
#2491=CARTESIAN_POINT('',(68.594915238695,-100.382490269535,3.6));
#2492=CARTESIAN_POINT('',(68.594915238695,-100.382490269535,2.8));
#2493=CARTESIAN_POINT('Ctrl Pts',(69.507727738695,-98.9228234308892,2.8));
#2494=CARTESIAN_POINT('Ctrl Pts',(69.507727738695,-98.9228234308892,3.6));
#2495=CARTESIAN_POINT('Ctrl Pts',(69.507727738695,-99.5633796566659,2.8));
#2496=CARTESIAN_POINT('Ctrl Pts',(69.507727738695,-99.5633796566659,3.6));
#2497=CARTESIAN_POINT('Ctrl Pts',(69.1346654809283,-100.117417423123,2.8));
#2498=CARTESIAN_POINT('Ctrl Pts',(69.1346654809283,-100.117417423123,3.6));
#2499=CARTESIAN_POINT('Ctrl Pts',(68.594915238695,-100.382490269535,2.8));
#2500=CARTESIAN_POINT('Ctrl Pts',(68.594915238695,-100.382490269535,3.6));
#2501=CARTESIAN_POINT('',(69.507727738695,-98.9228234308892,2.8));
#2502=CARTESIAN_POINT('Ctrl Pts',(69.507727738695,-98.9228234308892,2.8));
#2503=CARTESIAN_POINT('Ctrl Pts',(69.507727738695,-99.5633796566659,2.8));
#2504=CARTESIAN_POINT('Ctrl Pts',(69.1346654809283,-100.117417423123,2.8));
#2505=CARTESIAN_POINT('Ctrl Pts',(68.594915238695,-100.382490269535,2.8));
#2506=CARTESIAN_POINT('',(69.507727738695,-98.9228234308892,3.6));
#2507=CARTESIAN_POINT('Ctrl Pts',(69.507727738695,-98.9228234308892,3.6));
#2508=CARTESIAN_POINT('Ctrl Pts',(69.507727738695,-99.5633796566659,3.6));
#2509=CARTESIAN_POINT('Ctrl Pts',(69.1346654809283,-100.117417423123,3.6));
#2510=CARTESIAN_POINT('Ctrl Pts',(68.594915238695,-100.382490269535,3.6));
#2511=CARTESIAN_POINT('',(69.507727738695,-98.9228234308892,2.8));
#2512=CARTESIAN_POINT('Ctrl Pts',(67.880540238695,-97.2956359308892,2.8));
#2513=CARTESIAN_POINT('Ctrl Pts',(67.880540238695,-97.2956359308892,3.6));
#2514=CARTESIAN_POINT('Ctrl Pts',(68.7774779809283,-97.2956359308892,2.8));
#2515=CARTESIAN_POINT('Ctrl Pts',(68.7774779809283,-97.2956359308892,3.6));
#2516=CARTESIAN_POINT('Ctrl Pts',(69.507727738695,-98.0258862942392,2.8));
#2517=CARTESIAN_POINT('Ctrl Pts',(69.507727738695,-98.0258862942392,3.6));
#2518=CARTESIAN_POINT('Ctrl Pts',(69.507727738695,-98.9228234308892,2.8));
#2519=CARTESIAN_POINT('Ctrl Pts',(69.507727738695,-98.9228234308892,3.6));
#2520=CARTESIAN_POINT('',(67.880540238695,-97.2956359308892,2.8));
#2521=CARTESIAN_POINT('Ctrl Pts',(67.880540238695,-97.2956359308892,2.8));
#2522=CARTESIAN_POINT('Ctrl Pts',(68.7774779809283,-97.2956359308892,2.8));
#2523=CARTESIAN_POINT('Ctrl Pts',(69.507727738695,-98.0258862942392,2.8));
#2524=CARTESIAN_POINT('Ctrl Pts',(69.507727738695,-98.9228234308892,2.8));
#2525=CARTESIAN_POINT('',(67.880540238695,-97.2956359308892,3.6));
#2526=CARTESIAN_POINT('Ctrl Pts',(67.880540238695,-97.2956359308892,3.6));
#2527=CARTESIAN_POINT('Ctrl Pts',(68.7774779809283,-97.2956359308892,3.6));
#2528=CARTESIAN_POINT('Ctrl Pts',(69.507727738695,-98.0258862942392,3.6));
#2529=CARTESIAN_POINT('Ctrl Pts',(69.507727738695,-98.9228234308892,3.6));
#2530=CARTESIAN_POINT('',(67.880540238695,-97.2956359308892,2.8));
#2531=CARTESIAN_POINT('Ctrl Pts',(66.253352738695,-98.9228234308892,2.8));
#2532=CARTESIAN_POINT('Ctrl Pts',(66.253352738695,-98.9228234308892,3.6));
#2533=CARTESIAN_POINT('Ctrl Pts',(66.253352738695,-98.0258862942392,2.8));
#2534=CARTESIAN_POINT('Ctrl Pts',(66.253352738695,-98.0258862942392,3.6));
#2535=CARTESIAN_POINT('Ctrl Pts',(66.9836024964617,-97.2956359308892,2.8));
#2536=CARTESIAN_POINT('Ctrl Pts',(66.9836024964617,-97.2956359308892,3.6));
#2537=CARTESIAN_POINT('Ctrl Pts',(67.880540238695,-97.2956359308892,2.8));
#2538=CARTESIAN_POINT('Ctrl Pts',(67.880540238695,-97.2956359308892,3.6));
#2539=CARTESIAN_POINT('',(66.253352738695,-98.9228234308892,2.8));
#2540=CARTESIAN_POINT('Ctrl Pts',(66.253352738695,-98.9228234308892,2.8));
#2541=CARTESIAN_POINT('Ctrl Pts',(66.253352738695,-98.0258862942392,2.8));
#2542=CARTESIAN_POINT('Ctrl Pts',(66.9836024964617,-97.2956359308892,2.8));
#2543=CARTESIAN_POINT('Ctrl Pts',(67.880540238695,-97.2956359308892,2.8));
#2544=CARTESIAN_POINT('',(66.253352738695,-98.9228234308892,3.6));
#2545=CARTESIAN_POINT('Ctrl Pts',(66.253352738695,-98.9228234308892,3.6));
#2546=CARTESIAN_POINT('Ctrl Pts',(66.253352738695,-98.0258862942392,3.6));
#2547=CARTESIAN_POINT('Ctrl Pts',(66.9836024964617,-97.2956359308892,3.6));
#2548=CARTESIAN_POINT('Ctrl Pts',(67.880540238695,-97.2956359308892,3.6));
#2549=CARTESIAN_POINT('',(66.253352738695,-98.9228234308892,2.8));
#2550=CARTESIAN_POINT('Ctrl Pts',(67.166165238695,-100.382490269535,2.8));
#2551=CARTESIAN_POINT('Ctrl Pts',(67.166165238695,-100.382490269535,3.6));
#2552=CARTESIAN_POINT('Ctrl Pts',(66.6264149964617,-100.117417423123,2.8));
#2553=CARTESIAN_POINT('Ctrl Pts',(66.6264149964617,-100.117417423123,3.6));
#2554=CARTESIAN_POINT('Ctrl Pts',(66.253352738695,-99.5633796566659,2.8));
#2555=CARTESIAN_POINT('Ctrl Pts',(66.253352738695,-99.5633796566659,3.6));
#2556=CARTESIAN_POINT('Ctrl Pts',(66.253352738695,-98.9228234308892,2.8));
#2557=CARTESIAN_POINT('Ctrl Pts',(66.253352738695,-98.9228234308892,3.6));
#2558=CARTESIAN_POINT('',(67.166165238695,-100.382490269535,2.8));
#2559=CARTESIAN_POINT('Ctrl Pts',(67.166165238695,-100.382490269535,2.8));
#2560=CARTESIAN_POINT('Ctrl Pts',(66.6264149964617,-100.117417423123,2.8));
#2561=CARTESIAN_POINT('Ctrl Pts',(66.253352738695,-99.5633796566659,2.8));
#2562=CARTESIAN_POINT('Ctrl Pts',(66.253352738695,-98.9228234308892,2.8));
#2563=CARTESIAN_POINT('',(67.166165238695,-100.382490269535,3.6));
#2564=CARTESIAN_POINT('Ctrl Pts',(67.166165238695,-100.382490269535,3.6));
#2565=CARTESIAN_POINT('Ctrl Pts',(66.6264149964617,-100.117417423123,3.6));
#2566=CARTESIAN_POINT('Ctrl Pts',(66.253352738695,-99.5633796566659,3.6));
#2567=CARTESIAN_POINT('Ctrl Pts',(66.253352738695,-98.9228234308892,3.6));
#2568=CARTESIAN_POINT('',(67.166165238695,-100.382490269535,2.8));
#2569=CARTESIAN_POINT('Origin',(67.166165238695,-109.580465657108,2.8));
#2570=CARTESIAN_POINT('',(67.166165238695,-109.580465657108,2.8));
#2571=CARTESIAN_POINT('',(67.166165238695,-109.580465657108,2.8));
#2572=CARTESIAN_POINT('',(67.166165238695,-109.580465657108,3.6));
#2573=CARTESIAN_POINT('',(67.166165238695,-109.580465657108,3.6));
#2574=CARTESIAN_POINT('',(67.166165238695,-109.580465657108,2.8));
#2575=CARTESIAN_POINT('Origin',(64.655534206705,-107.069834019535,2.8));
#2576=CARTESIAN_POINT('',(64.655534206705,-107.069834019535,2.8));
#2577=CARTESIAN_POINT('',(64.655534206705,-107.069834019535,2.8));
#2578=CARTESIAN_POINT('',(64.655534206705,-107.069834019535,3.6));
#2579=CARTESIAN_POINT('',(64.655534206705,-107.069834019535,3.6));
#2580=CARTESIAN_POINT('',(64.655534206705,-107.069834019535,2.8));
#2581=CARTESIAN_POINT('Ctrl Pts',(64.745227738695,-106.541989542835,2.8));
#2582=CARTESIAN_POINT('Ctrl Pts',(64.745227738695,-106.541989542835,3.6));
#2583=CARTESIAN_POINT('Ctrl Pts',(64.745227738695,-106.726933438175,2.8));
#2584=CARTESIAN_POINT('Ctrl Pts',(64.745227738695,-106.726933438175,3.6));
#2585=CARTESIAN_POINT('Ctrl Pts',(64.7126836980151,-106.903940560215,2.8));
#2586=CARTESIAN_POINT('Ctrl Pts',(64.7126836980151,-106.903940560215,3.6));
#2587=CARTESIAN_POINT('Ctrl Pts',(64.655534206705,-107.069834019535,2.8));
#2588=CARTESIAN_POINT('Ctrl Pts',(64.655534206705,-107.069834019535,3.6));
#2589=CARTESIAN_POINT('',(64.745227738695,-106.541989542835,2.8));
#2590=CARTESIAN_POINT('Ctrl Pts',(64.745227738695,-106.541989542835,2.8));
#2591=CARTESIAN_POINT('Ctrl Pts',(64.745227738695,-106.726933438175,2.8));
#2592=CARTESIAN_POINT('Ctrl Pts',(64.7126836980151,-106.903940560215,2.8));
#2593=CARTESIAN_POINT('Ctrl Pts',(64.655534206705,-107.069834019535,2.8));
#2594=CARTESIAN_POINT('',(64.745227738695,-106.541989542835,3.6));
#2595=CARTESIAN_POINT('Ctrl Pts',(64.745227738695,-106.541989542835,3.6));
#2596=CARTESIAN_POINT('Ctrl Pts',(64.745227738695,-106.726933438175,3.6));
#2597=CARTESIAN_POINT('Ctrl Pts',(64.7126836980151,-106.903940560215,3.6));
#2598=CARTESIAN_POINT('Ctrl Pts',(64.655534206705,-107.069834019535,3.6));
#2599=CARTESIAN_POINT('',(64.745227738695,-106.541989542835,2.8));
#2600=CARTESIAN_POINT('Ctrl Pts',(63.118040238695,-104.914802042835,2.8));
#2601=CARTESIAN_POINT('Ctrl Pts',(63.118040238695,-104.914802042835,3.6));
#2602=CARTESIAN_POINT('Ctrl Pts',(64.0149779809283,-104.914802042835,2.8));
#2603=CARTESIAN_POINT('Ctrl Pts',(64.0149779809283,-104.914802042835,3.6));
#2604=CARTESIAN_POINT('Ctrl Pts',(64.745227738695,-105.645053011768,2.8));
#2605=CARTESIAN_POINT('Ctrl Pts',(64.745227738695,-105.645053011768,3.6));
#2606=CARTESIAN_POINT('Ctrl Pts',(64.745227738695,-106.541989542835,2.8));
#2607=CARTESIAN_POINT('Ctrl Pts',(64.745227738695,-106.541989542835,3.6));
#2608=CARTESIAN_POINT('',(63.118040238695,-104.914802042835,2.8));
#2609=CARTESIAN_POINT('Ctrl Pts',(63.118040238695,-104.914802042835,2.8));
#2610=CARTESIAN_POINT('Ctrl Pts',(64.0149779809283,-104.914802042835,2.8));
#2611=CARTESIAN_POINT('Ctrl Pts',(64.745227738695,-105.645053011768,2.8));
#2612=CARTESIAN_POINT('Ctrl Pts',(64.745227738695,-106.541989542835,2.8));
#2613=CARTESIAN_POINT('',(63.118040238695,-104.914802042835,3.6));
#2614=CARTESIAN_POINT('Ctrl Pts',(63.118040238695,-104.914802042835,3.6));
#2615=CARTESIAN_POINT('Ctrl Pts',(64.0149779809283,-104.914802042835,3.6));
#2616=CARTESIAN_POINT('Ctrl Pts',(64.745227738695,-105.645053011768,3.6));
#2617=CARTESIAN_POINT('Ctrl Pts',(64.745227738695,-106.541989542835,3.6));
#2618=CARTESIAN_POINT('',(63.118040238695,-104.914802042835,2.8));
#2619=CARTESIAN_POINT('Ctrl Pts',(61.490852738695,-106.541989542835,2.8));
#2620=CARTESIAN_POINT('Ctrl Pts',(61.490852738695,-106.541989542835,3.6));
#2621=CARTESIAN_POINT('Ctrl Pts',(61.490852738695,-105.645053011768,2.8));
#2622=CARTESIAN_POINT('Ctrl Pts',(61.490852738695,-105.645053011768,3.6));
#2623=CARTESIAN_POINT('Ctrl Pts',(62.2211027992533,-104.914802042835,2.8));
#2624=CARTESIAN_POINT('Ctrl Pts',(62.2211027992533,-104.914802042835,3.6));
#2625=CARTESIAN_POINT('Ctrl Pts',(63.118040238695,-104.914802042835,2.8));
#2626=CARTESIAN_POINT('Ctrl Pts',(63.118040238695,-104.914802042835,3.6));
#2627=CARTESIAN_POINT('',(61.490852738695,-106.541989542835,2.8));
#2628=CARTESIAN_POINT('Ctrl Pts',(61.490852738695,-106.541989542835,2.8));
#2629=CARTESIAN_POINT('Ctrl Pts',(61.490852738695,-105.645053011768,2.8));
#2630=CARTESIAN_POINT('Ctrl Pts',(62.2211027992533,-104.914802042835,2.8));
#2631=CARTESIAN_POINT('Ctrl Pts',(63.118040238695,-104.914802042835,2.8));
#2632=CARTESIAN_POINT('',(61.490852738695,-106.541989542835,3.6));
#2633=CARTESIAN_POINT('Ctrl Pts',(61.490852738695,-106.541989542835,3.6));
#2634=CARTESIAN_POINT('Ctrl Pts',(61.490852738695,-105.645053011768,3.6));
#2635=CARTESIAN_POINT('Ctrl Pts',(62.2211027992533,-104.914802042835,3.6));
#2636=CARTESIAN_POINT('Ctrl Pts',(63.118040238695,-104.914802042835,3.6));
#2637=CARTESIAN_POINT('',(61.490852738695,-106.541989542835,2.8));
#2638=CARTESIAN_POINT('Ctrl Pts',(63.118040238695,-108.169177042835,2.8));
#2639=CARTESIAN_POINT('Ctrl Pts',(63.118040238695,-108.169177042835,3.6));
#2640=CARTESIAN_POINT('Ctrl Pts',(62.2211027992533,-108.169177042835,2.8));
#2641=CARTESIAN_POINT('Ctrl Pts',(62.2211027992533,-108.169177042835,3.6));
#2642=CARTESIAN_POINT('Ctrl Pts',(61.490852738695,-107.438927285069,2.8));
#2643=CARTESIAN_POINT('Ctrl Pts',(61.490852738695,-107.438927285069,3.6));
#2644=CARTESIAN_POINT('Ctrl Pts',(61.490852738695,-106.541989542835,2.8));
#2645=CARTESIAN_POINT('Ctrl Pts',(61.490852738695,-106.541989542835,3.6));
#2646=CARTESIAN_POINT('',(63.118040238695,-108.169177042835,2.8));
#2647=CARTESIAN_POINT('Ctrl Pts',(63.118040238695,-108.169177042835,2.8));
#2648=CARTESIAN_POINT('Ctrl Pts',(62.2211027992533,-108.169177042835,2.8));
#2649=CARTESIAN_POINT('Ctrl Pts',(61.490852738695,-107.438927285069,2.8));
#2650=CARTESIAN_POINT('Ctrl Pts',(61.490852738695,-106.541989542835,2.8));
#2651=CARTESIAN_POINT('',(63.118040238695,-108.169177042835,3.6));
#2652=CARTESIAN_POINT('Ctrl Pts',(63.118040238695,-108.169177042835,3.6));
#2653=CARTESIAN_POINT('Ctrl Pts',(62.2211027992533,-108.169177042835,3.6));
#2654=CARTESIAN_POINT('Ctrl Pts',(61.490852738695,-107.438927285069,3.6));
#2655=CARTESIAN_POINT('Ctrl Pts',(61.490852738695,-106.541989542835,3.6));
#2656=CARTESIAN_POINT('',(63.118040238695,-108.169177042835,2.8));
#2657=CARTESIAN_POINT('Ctrl Pts',(63.6450901902484,-108.079484116428,2.8));
#2658=CARTESIAN_POINT('Ctrl Pts',(63.6450901902484,-108.079484116428,3.6));
#2659=CARTESIAN_POINT('Ctrl Pts',(63.4791967309283,-108.136634213322,2.8));
#2660=CARTESIAN_POINT('Ctrl Pts',(63.4791967309283,-108.136634213322,3.6));
#2661=CARTESIAN_POINT('Ctrl Pts',(63.3021902144717,-108.169177042835,2.8));
#2662=CARTESIAN_POINT('Ctrl Pts',(63.3021902144717,-108.169177042835,3.6));
#2663=CARTESIAN_POINT('Ctrl Pts',(63.118040238695,-108.169177042835,2.8));
#2664=CARTESIAN_POINT('Ctrl Pts',(63.118040238695,-108.169177042835,3.6));
#2665=CARTESIAN_POINT('',(63.6450901902484,-108.079484116428,2.8));
#2666=CARTESIAN_POINT('Ctrl Pts',(63.6450901902484,-108.079484116428,2.8));
#2667=CARTESIAN_POINT('Ctrl Pts',(63.4791967309283,-108.136634213322,2.8));
#2668=CARTESIAN_POINT('Ctrl Pts',(63.3021902144717,-108.169177042835,2.8));
#2669=CARTESIAN_POINT('Ctrl Pts',(63.118040238695,-108.169177042835,2.8));
#2670=CARTESIAN_POINT('',(63.6450901902484,-108.079484116428,3.6));
#2671=CARTESIAN_POINT('Ctrl Pts',(63.6450901902484,-108.079484116428,3.6));
#2672=CARTESIAN_POINT('Ctrl Pts',(63.4791967309283,-108.136634213322,3.6));
#2673=CARTESIAN_POINT('Ctrl Pts',(63.3021902144717,-108.169177042835,3.6));
#2674=CARTESIAN_POINT('Ctrl Pts',(63.118040238695,-108.169177042835,3.6));
#2675=CARTESIAN_POINT('',(63.6450901902484,-108.079484116428,2.8));
#2676=CARTESIAN_POINT('Origin',(66.8700962222384,-111.304489542835,2.8));
#2677=CARTESIAN_POINT('',(66.8700962222384,-111.304489542835,2.8));
#2678=CARTESIAN_POINT('',(66.8700962222384,-111.304489542835,2.8));
#2679=CARTESIAN_POINT('',(66.8700962222384,-111.304489542835,3.6));
#2680=CARTESIAN_POINT('',(66.8700962222384,-111.304489542835,3.6));
#2681=CARTESIAN_POINT('',(66.8700962222384,-111.304489542835,2.8));
#2682=CARTESIAN_POINT('Origin',(59.546165238695,-111.304489542835,2.8));
#2683=CARTESIAN_POINT('',(59.546165238695,-111.304489542835,2.8));
#2684=CARTESIAN_POINT('',(59.546165238695,-111.304489542835,2.8));
#2685=CARTESIAN_POINT('',(59.546165238695,-111.304489542835,3.6));
#2686=CARTESIAN_POINT('',(59.546165238695,-111.304489542835,3.6));
#2687=CARTESIAN_POINT('',(59.546165238695,-111.304489542835,2.8));
#2688=CARTESIAN_POINT('Ctrl Pts',(58.355540238695,-110.113864542835,2.8));
#2689=CARTESIAN_POINT('Ctrl Pts',(58.355540238695,-110.113864542835,3.6));
#2690=CARTESIAN_POINT('Ctrl Pts',(58.355540238695,-110.768708292835,2.8));
#2691=CARTESIAN_POINT('Ctrl Pts',(58.355540238695,-110.768708292835,3.6));
#2692=CARTESIAN_POINT('Ctrl Pts',(58.891321488695,-111.304489542835,2.8));
#2693=CARTESIAN_POINT('Ctrl Pts',(58.891321488695,-111.304489542835,3.6));
#2694=CARTESIAN_POINT('Ctrl Pts',(59.546165238695,-111.304489542835,2.8));
#2695=CARTESIAN_POINT('Ctrl Pts',(59.546165238695,-111.304489542835,3.6));
#2696=CARTESIAN_POINT('',(58.355540238695,-110.113864542835,2.8));
#2697=CARTESIAN_POINT('Ctrl Pts',(58.355540238695,-110.113864542835,2.8));
#2698=CARTESIAN_POINT('Ctrl Pts',(58.355540238695,-110.768708292835,2.8));
#2699=CARTESIAN_POINT('Ctrl Pts',(58.891321488695,-111.304489542835,2.8));
#2700=CARTESIAN_POINT('Ctrl Pts',(59.546165238695,-111.304489542835,2.8));
#2701=CARTESIAN_POINT('',(58.355540238695,-110.113864542835,3.6));
#2702=CARTESIAN_POINT('Ctrl Pts',(58.355540238695,-110.113864542835,3.6));
#2703=CARTESIAN_POINT('Ctrl Pts',(58.355540238695,-110.768708292835,3.6));
#2704=CARTESIAN_POINT('Ctrl Pts',(58.891321488695,-111.304489542835,3.6));
#2705=CARTESIAN_POINT('Ctrl Pts',(59.546165238695,-111.304489542835,3.6));
#2706=CARTESIAN_POINT('',(58.355540238695,-110.113864542835,2.8));
#2707=CARTESIAN_POINT('Origin',(58.355540238695,-102.970114542835,2.8));
#2708=CARTESIAN_POINT('',(58.355540238695,-102.970114542835,2.8));
#2709=CARTESIAN_POINT('',(58.355540238695,-102.970114542835,2.8));
#2710=CARTESIAN_POINT('',(58.355540238695,-102.970114542835,3.6));
#2711=CARTESIAN_POINT('',(58.355540238695,-102.970114542835,3.6));
#2712=CARTESIAN_POINT('',(58.355540238695,-102.970114542835,2.8));
#2713=CARTESIAN_POINT('Ctrl Pts',(59.1977089614438,-100.93740068137,2.8));
#2714=CARTESIAN_POINT('Ctrl Pts',(59.1977089614438,-100.93740068137,3.6));
#2715=CARTESIAN_POINT('Ctrl Pts',(58.7349527553486,-101.40015707671,2.8));
#2716=CARTESIAN_POINT('Ctrl Pts',(58.7349527553486,-101.40015707671,3.6));
#2717=CARTESIAN_POINT('Ctrl Pts',(58.355540238695,-102.315271398419,2.8));
#2718=CARTESIAN_POINT('Ctrl Pts',(58.355540238695,-102.315271398419,3.6));
#2719=CARTESIAN_POINT('Ctrl Pts',(58.355540238695,-102.970114542835,2.8));
#2720=CARTESIAN_POINT('Ctrl Pts',(58.355540238695,-102.970114542835,3.6));
#2721=CARTESIAN_POINT('',(59.1977089614438,-100.93740068137,2.8));
#2722=CARTESIAN_POINT('Ctrl Pts',(59.1977089614438,-100.93740068137,2.8));
#2723=CARTESIAN_POINT('Ctrl Pts',(58.7349527553486,-101.40015707671,2.8));
#2724=CARTESIAN_POINT('Ctrl Pts',(58.355540238695,-102.315271398419,2.8));
#2725=CARTESIAN_POINT('Ctrl Pts',(58.355540238695,-102.970114542835,2.8));
#2726=CARTESIAN_POINT('',(59.1977089614438,-100.93740068137,3.6));
#2727=CARTESIAN_POINT('Ctrl Pts',(59.1977089614438,-100.93740068137,3.6));
#2728=CARTESIAN_POINT('Ctrl Pts',(58.7349527553486,-101.40015707671,3.6));
#2729=CARTESIAN_POINT('Ctrl Pts',(58.355540238695,-102.315271398419,3.6));
#2730=CARTESIAN_POINT('Ctrl Pts',(58.355540238695,-102.970114542835,3.6));
#2731=CARTESIAN_POINT('',(59.1977089614438,-100.93740068137,2.8));
#2732=CARTESIAN_POINT('Origin',(67.0391653598116,-93.0966985368663,2.8));
#2733=CARTESIAN_POINT('',(67.0391653598116,-93.0966985368663,2.8));
#2734=CARTESIAN_POINT('',(67.0391653598116,-93.0966985368663,2.8));
#2735=CARTESIAN_POINT('',(67.0391653598116,-93.0966985368663,3.6));
#2736=CARTESIAN_POINT('',(67.0391653598116,-93.0966985368663,3.6));
#2737=CARTESIAN_POINT('',(67.0391653598116,-93.0966985368663,2.8));
#2738=CARTESIAN_POINT('Ctrl Pts',(68.7227090371417,-93.0966985368663,2.8));
#2739=CARTESIAN_POINT('Ctrl Pts',(68.7227090371417,-93.0966985368663,3.6));
#2740=CARTESIAN_POINT('Ctrl Pts',(68.2599526418017,-92.6339422550732,2.8));
#2741=CARTESIAN_POINT('Ctrl Pts',(68.2599526418017,-92.6339422550732,3.6));
#2742=CARTESIAN_POINT('Ctrl Pts',(67.5019217551516,-92.6339422550732,2.8));
#2743=CARTESIAN_POINT('Ctrl Pts',(67.5019217551516,-92.6339422550732,3.6));
#2744=CARTESIAN_POINT('Ctrl Pts',(67.0391653598117,-93.0966985368663,2.8));
#2745=CARTESIAN_POINT('Ctrl Pts',(67.0391653598117,-93.0966985368663,3.6));
#2746=CARTESIAN_POINT('',(68.7227090371417,-93.0966985368663,2.8));
#2747=CARTESIAN_POINT('Ctrl Pts',(68.7227090371417,-93.0966985368663,2.8));
#2748=CARTESIAN_POINT('Ctrl Pts',(68.2599526418017,-92.6339422550732,2.8));
#2749=CARTESIAN_POINT('Ctrl Pts',(67.5019217551516,-92.6339422550732,2.8));
#2750=CARTESIAN_POINT('Ctrl Pts',(67.0391653598117,-93.0966985368663,2.8));
#2751=CARTESIAN_POINT('',(68.7227090371417,-93.0966985368663,3.6));
#2752=CARTESIAN_POINT('Ctrl Pts',(68.7227090371417,-93.0966985368663,3.6));
#2753=CARTESIAN_POINT('Ctrl Pts',(68.2599526418017,-92.6339422550732,3.6));
#2754=CARTESIAN_POINT('Ctrl Pts',(67.5019217551516,-92.6339422550732,3.6));
#2755=CARTESIAN_POINT('Ctrl Pts',(67.0391653598117,-93.0966985368663,3.6));
#2756=CARTESIAN_POINT('',(68.7227090371417,-93.0966985368663,2.8));
#2757=CARTESIAN_POINT('Origin',(76.5633714402484,-100.93740068137,2.8));
#2758=CARTESIAN_POINT('',(76.5633714402484,-100.93740068137,2.8));
#2759=CARTESIAN_POINT('',(76.5633714402484,-100.93740068137,2.8));
#2760=CARTESIAN_POINT('',(76.5633714402484,-100.93740068137,3.6));
#2761=CARTESIAN_POINT('',(76.5633714402484,-100.93740068137,3.6));
#2762=CARTESIAN_POINT('',(76.5633714402484,-100.93740068137,2.8));
#2763=CARTESIAN_POINT('Ctrl Pts',(77.405540238695,-102.970909067982,2.8));
#2764=CARTESIAN_POINT('Ctrl Pts',(77.405540238695,-102.970909067982,3.6));
#2765=CARTESIAN_POINT('Ctrl Pts',(77.405540238695,-102.316065317982,2.8));
#2766=CARTESIAN_POINT('Ctrl Pts',(77.405540238695,-102.316065317982,3.6));
#2767=CARTESIAN_POINT('Ctrl Pts',(77.0269211495684,-101.401664978855,2.8));
#2768=CARTESIAN_POINT('Ctrl Pts',(77.0269211495684,-101.401664978855,3.6));
#2769=CARTESIAN_POINT('Ctrl Pts',(76.5633714402484,-100.93740068137,2.8));
#2770=CARTESIAN_POINT('Ctrl Pts',(76.5633714402484,-100.93740068137,3.6));
#2771=CARTESIAN_POINT('Ctrl Pts',(77.405540238695,-102.970909067982,2.8));
#2772=CARTESIAN_POINT('Ctrl Pts',(77.405540238695,-102.316065317982,2.8));
#2773=CARTESIAN_POINT('Ctrl Pts',(77.0269211495684,-101.401664978855,2.8));
#2774=CARTESIAN_POINT('Ctrl Pts',(76.5633714402484,-100.93740068137,2.8));
#2775=CARTESIAN_POINT('Ctrl Pts',(77.405540238695,-102.970909067982,3.6));
#2776=CARTESIAN_POINT('Ctrl Pts',(77.405540238695,-102.316065317982,3.6));
#2777=CARTESIAN_POINT('Ctrl Pts',(77.0269211495684,-101.401664978855,3.6));
#2778=CARTESIAN_POINT('Ctrl Pts',(76.5633714402484,-100.93740068137,3.6));
#2779=CARTESIAN_POINT('Origin',(67.880540238695,-101.969613161528,3.6));
#2780=CARTESIAN_POINT('Origin',(67.880540238695,-101.969613161528,2.8));
#2781=CARTESIAN_POINT('Origin',(106.958537886694,-81.0613122327713,2.8));
#2782=CARTESIAN_POINT('',(106.958537886694,-81.0613122327713,2.8));
#2783=CARTESIAN_POINT('',(107.633225386694,-81.0613122327713,2.8));
#2784=CARTESIAN_POINT('',(106.958537886694,-81.0613122327713,2.8));
#2785=CARTESIAN_POINT('',(107.633225386694,-81.0613122327713,3.6));
#2786=CARTESIAN_POINT('',(107.633225386694,-81.0613122327713,2.8));
#2787=CARTESIAN_POINT('',(106.958537886694,-81.0613122327713,3.6));
#2788=CARTESIAN_POINT('',(106.958537886694,-81.0613122327713,3.6));
#2789=CARTESIAN_POINT('',(106.958537886694,-81.0613122327713,2.8));
#2790=CARTESIAN_POINT('Origin',(106.958537886694,-79.2621455661046,2.8));
#2791=CARTESIAN_POINT('',(106.958537886694,-79.2621455661046,2.8));
#2792=CARTESIAN_POINT('',(106.958537886694,-79.2621455661046,2.8));
#2793=CARTESIAN_POINT('',(106.958537886694,-79.2621455661046,3.6));
#2794=CARTESIAN_POINT('',(106.958537886694,-79.2621455661046,3.6));
#2795=CARTESIAN_POINT('',(106.958537886694,-79.2621455661046,2.8));
#2796=CARTESIAN_POINT('Origin',(107.633225386694,-79.2621455661046,2.8));
#2797=CARTESIAN_POINT('',(107.633225386694,-79.2621455661046,2.8));
#2798=CARTESIAN_POINT('',(107.633225386694,-79.2621455661046,2.8));
#2799=CARTESIAN_POINT('',(107.633225386694,-79.2621455661046,3.6));
#2800=CARTESIAN_POINT('',(107.633225386694,-79.2621455661046,3.6));
#2801=CARTESIAN_POINT('',(107.633225386694,-79.2621455661046,2.8));
#2802=CARTESIAN_POINT('Origin',(107.633225386694,-81.0613122327713,2.8));
#2803=CARTESIAN_POINT('',(107.633225386694,-81.0613122327713,2.8));
#2804=CARTESIAN_POINT('',(107.633225386694,-81.0613122327713,3.6));
#2805=CARTESIAN_POINT('Origin',(107.295881636694,-80.161728899438,3.6));
#2806=CARTESIAN_POINT('Origin',(107.295881636694,-80.161728899438,2.8));
#2807=CARTESIAN_POINT('Origin',(106.958537886694,-78.812353899438,2.8));
#2808=CARTESIAN_POINT('',(106.958537886694,-78.812353899438,2.8));
#2809=CARTESIAN_POINT('',(107.633225386694,-78.812353899438,2.8));
#2810=CARTESIAN_POINT('',(106.958537886694,-78.812353899438,2.8));
#2811=CARTESIAN_POINT('',(107.633225386694,-78.812353899438,3.6));
#2812=CARTESIAN_POINT('',(107.633225386694,-78.812353899438,2.8));
#2813=CARTESIAN_POINT('',(106.958537886694,-78.812353899438,3.6));
#2814=CARTESIAN_POINT('',(106.958537886694,-78.812353899438,3.6));
#2815=CARTESIAN_POINT('',(106.958537886694,-78.812353899438,2.8));
#2816=CARTESIAN_POINT('Origin',(106.958537886694,-78.137666399438,2.8));
#2817=CARTESIAN_POINT('',(106.958537886694,-78.137666399438,2.8));
#2818=CARTESIAN_POINT('',(106.958537886694,-78.137666399438,2.8));
#2819=CARTESIAN_POINT('',(106.958537886694,-78.137666399438,3.6));
#2820=CARTESIAN_POINT('',(106.958537886694,-78.137666399438,3.6));
#2821=CARTESIAN_POINT('',(106.958537886694,-78.137666399438,2.8));
#2822=CARTESIAN_POINT('Origin',(107.633225386694,-78.137666399438,2.8));
#2823=CARTESIAN_POINT('',(107.633225386694,-78.137666399438,2.8));
#2824=CARTESIAN_POINT('',(107.633225386694,-78.137666399438,2.8));
#2825=CARTESIAN_POINT('',(107.633225386694,-78.137666399438,3.6));
#2826=CARTESIAN_POINT('',(107.633225386694,-78.137666399438,3.6));
#2827=CARTESIAN_POINT('',(107.633225386694,-78.137666399438,2.8));
#2828=CARTESIAN_POINT('Origin',(107.633225386694,-78.812353899438,2.8));
#2829=CARTESIAN_POINT('',(107.633225386694,-78.812353899438,2.8));
#2830=CARTESIAN_POINT('',(107.633225386694,-78.812353899438,3.6));
#2831=CARTESIAN_POINT('Origin',(107.295881636694,-78.475010149438,3.6));
#2832=CARTESIAN_POINT('Origin',(107.295881636694,-78.475010149438,2.8));
#2833=CARTESIAN_POINT('Ctrl Pts',(109.544839970027,-79.7119372327713,2.8));
#2834=CARTESIAN_POINT('Ctrl Pts',(109.544839970027,-79.7119372327713,3.6));
#2835=CARTESIAN_POINT('Ctrl Pts',(109.544839970027,-80.9511133259125,2.8));
#2836=CARTESIAN_POINT('Ctrl Pts',(109.544839970027,-80.9511133259125,3.6));
#2837=CARTESIAN_POINT('Ctrl Pts',(108.535057729835,-81.9608955661046,2.8));
#2838=CARTESIAN_POINT('Ctrl Pts',(108.535057729835,-81.9608955661046,3.6));
#2839=CARTESIAN_POINT('Ctrl Pts',(107.295881636694,-81.9608955661046,2.8));
#2840=CARTESIAN_POINT('Ctrl Pts',(107.295881636694,-81.9608955661046,3.6));
#2841=CARTESIAN_POINT('',(109.544839970027,-79.7119372327713,2.8));
#2842=CARTESIAN_POINT('',(107.295881636694,-81.9608955661046,2.8));
#2843=CARTESIAN_POINT('Ctrl Pts',(109.544839970027,-79.7119372327713,2.8));
#2844=CARTESIAN_POINT('Ctrl Pts',(109.544839970027,-80.9511133259125,2.8));
#2845=CARTESIAN_POINT('Ctrl Pts',(108.535057729835,-81.9608955661046,2.8));
#2846=CARTESIAN_POINT('Ctrl Pts',(107.295881636694,-81.9608955661046,2.8));
#2847=CARTESIAN_POINT('',(107.295881636694,-81.9608955661046,3.6));
#2848=CARTESIAN_POINT('',(107.295881636694,-81.9608955661046,2.8));
#2849=CARTESIAN_POINT('',(109.544839970027,-79.7119372327713,3.6));
#2850=CARTESIAN_POINT('Ctrl Pts',(109.544839970027,-79.7119372327713,3.6));
#2851=CARTESIAN_POINT('Ctrl Pts',(109.544839970027,-80.9511133259125,3.6));
#2852=CARTESIAN_POINT('Ctrl Pts',(108.535057729835,-81.9608955661046,3.6));
#2853=CARTESIAN_POINT('Ctrl Pts',(107.295881636694,-81.9608955661046,3.6));
#2854=CARTESIAN_POINT('',(109.544839970027,-79.7119372327713,2.8));
#2855=CARTESIAN_POINT('Ctrl Pts',(107.295881636694,-77.462978899438,2.8));
#2856=CARTESIAN_POINT('Ctrl Pts',(107.295881636694,-77.462978899438,3.6));
#2857=CARTESIAN_POINT('Ctrl Pts',(108.535057729835,-77.462978899438,2.8));
#2858=CARTESIAN_POINT('Ctrl Pts',(108.535057729835,-77.462978899438,3.6));
#2859=CARTESIAN_POINT('Ctrl Pts',(109.544839970027,-78.4727611396301,2.8));
#2860=CARTESIAN_POINT('Ctrl Pts',(109.544839970027,-78.4727611396301,3.6));
#2861=CARTESIAN_POINT('Ctrl Pts',(109.544839970027,-79.7119372327713,2.8));
#2862=CARTESIAN_POINT('Ctrl Pts',(109.544839970027,-79.7119372327713,3.6));
#2863=CARTESIAN_POINT('',(107.295881636694,-77.462978899438,2.8));
#2864=CARTESIAN_POINT('Ctrl Pts',(107.295881636694,-77.462978899438,2.8));
#2865=CARTESIAN_POINT('Ctrl Pts',(108.535057729835,-77.462978899438,2.8));
#2866=CARTESIAN_POINT('Ctrl Pts',(109.544839970027,-78.4727611396301,2.8));
#2867=CARTESIAN_POINT('Ctrl Pts',(109.544839970027,-79.7119372327713,2.8));
#2868=CARTESIAN_POINT('',(107.295881636694,-77.462978899438,3.6));
#2869=CARTESIAN_POINT('Ctrl Pts',(107.295881636694,-77.462978899438,3.6));
#2870=CARTESIAN_POINT('Ctrl Pts',(108.535057729835,-77.462978899438,3.6));
#2871=CARTESIAN_POINT('Ctrl Pts',(109.544839970027,-78.4727611396301,3.6));
#2872=CARTESIAN_POINT('Ctrl Pts',(109.544839970027,-79.7119372327713,3.6));
#2873=CARTESIAN_POINT('',(107.295881636694,-77.462978899438,2.8));
#2874=CARTESIAN_POINT('Ctrl Pts',(105.046923303361,-79.7119372327713,2.8));
#2875=CARTESIAN_POINT('Ctrl Pts',(105.046923303361,-79.7119372327713,3.6));
#2876=CARTESIAN_POINT('Ctrl Pts',(105.046923303361,-78.4727611396301,2.8));
#2877=CARTESIAN_POINT('Ctrl Pts',(105.046923303361,-78.4727611396301,3.6));
#2878=CARTESIAN_POINT('Ctrl Pts',(106.056705543553,-77.462978899438,2.8));
#2879=CARTESIAN_POINT('Ctrl Pts',(106.056705543553,-77.462978899438,3.6));
#2880=CARTESIAN_POINT('Ctrl Pts',(107.295881636694,-77.462978899438,2.8));
#2881=CARTESIAN_POINT('Ctrl Pts',(107.295881636694,-77.462978899438,3.6));
#2882=CARTESIAN_POINT('',(105.046923303361,-79.7119372327713,2.8));
#2883=CARTESIAN_POINT('Ctrl Pts',(105.046923303361,-79.7119372327713,2.8));
#2884=CARTESIAN_POINT('Ctrl Pts',(105.046923303361,-78.4727611396301,2.8));
#2885=CARTESIAN_POINT('Ctrl Pts',(106.056705543553,-77.462978899438,2.8));
#2886=CARTESIAN_POINT('Ctrl Pts',(107.295881636694,-77.462978899438,2.8));
#2887=CARTESIAN_POINT('',(105.046923303361,-79.7119372327713,3.6));
#2888=CARTESIAN_POINT('Ctrl Pts',(105.046923303361,-79.7119372327713,3.6));
#2889=CARTESIAN_POINT('Ctrl Pts',(105.046923303361,-78.4727611396301,3.6));
#2890=CARTESIAN_POINT('Ctrl Pts',(106.056705543553,-77.462978899438,3.6));
#2891=CARTESIAN_POINT('Ctrl Pts',(107.295881636694,-77.462978899438,3.6));
#2892=CARTESIAN_POINT('',(105.046923303361,-79.7119372327713,2.8));
#2893=CARTESIAN_POINT('Ctrl Pts',(107.295881636694,-81.9608955661046,2.8));
#2894=CARTESIAN_POINT('Ctrl Pts',(107.295881636694,-81.9608955661046,3.6));
#2895=CARTESIAN_POINT('Ctrl Pts',(106.056705543553,-81.9608955661046,2.8));
#2896=CARTESIAN_POINT('Ctrl Pts',(106.056705543553,-81.9608955661046,3.6));
#2897=CARTESIAN_POINT('Ctrl Pts',(105.046923303361,-80.9511133259125,2.8));
#2898=CARTESIAN_POINT('Ctrl Pts',(105.046923303361,-80.9511133259125,3.6));
#2899=CARTESIAN_POINT('Ctrl Pts',(105.046923303361,-79.7119372327713,2.8));
#2900=CARTESIAN_POINT('Ctrl Pts',(105.046923303361,-79.7119372327713,3.6));
#2901=CARTESIAN_POINT('Ctrl Pts',(107.295881636694,-81.9608955661046,2.8));
#2902=CARTESIAN_POINT('Ctrl Pts',(106.056705543553,-81.9608955661046,2.8));
#2903=CARTESIAN_POINT('Ctrl Pts',(105.046923303361,-80.9511133259125,2.8));
#2904=CARTESIAN_POINT('Ctrl Pts',(105.046923303361,-79.7119372327713,2.8));
#2905=CARTESIAN_POINT('Ctrl Pts',(107.295881636694,-81.9608955661046,3.6));
#2906=CARTESIAN_POINT('Ctrl Pts',(106.056705543553,-81.9608955661046,3.6));
#2907=CARTESIAN_POINT('Ctrl Pts',(105.046923303361,-80.9511133259125,3.6));
#2908=CARTESIAN_POINT('Ctrl Pts',(105.046923303361,-79.7119372327713,3.6));
#2909=CARTESIAN_POINT('Ctrl Pts',(107.295881636694,-77.0131872327713,2.8));
#2910=CARTESIAN_POINT('Ctrl Pts',(107.295881636694,-77.0131872327713,3.6));
#2911=CARTESIAN_POINT('Ctrl Pts',(105.807071031287,-77.0131872327713,2.8));
#2912=CARTESIAN_POINT('Ctrl Pts',(105.807071031287,-77.0131872327713,3.6));
#2913=CARTESIAN_POINT('Ctrl Pts',(104.597131636694,-78.2231270563193,2.8));
#2914=CARTESIAN_POINT('Ctrl Pts',(104.597131636694,-78.2231270563193,3.6));
#2915=CARTESIAN_POINT('Ctrl Pts',(104.597131636694,-79.7119372327713,2.8));
#2916=CARTESIAN_POINT('Ctrl Pts',(104.597131636694,-79.7119372327713,3.6));
#2917=CARTESIAN_POINT('',(104.597131636694,-79.7119372327713,2.8));
#2918=CARTESIAN_POINT('',(107.295881636694,-77.0131872327713,2.8));
#2919=CARTESIAN_POINT('Ctrl Pts',(104.597131636694,-79.7119372327713,2.8));
#2920=CARTESIAN_POINT('Ctrl Pts',(104.597131636694,-78.2231270563193,2.8));
#2921=CARTESIAN_POINT('Ctrl Pts',(105.807071031287,-77.0131872327713,2.8));
#2922=CARTESIAN_POINT('Ctrl Pts',(107.295881636694,-77.0131872327713,2.8));
#2923=CARTESIAN_POINT('',(104.597131636694,-79.7119372327713,3.6));
#2924=CARTESIAN_POINT('',(104.597131636694,-79.7119372327713,2.8));
#2925=CARTESIAN_POINT('',(107.295881636694,-77.0131872327713,3.6));
#2926=CARTESIAN_POINT('Ctrl Pts',(107.295881636694,-77.0131872327713,3.6));
#2927=CARTESIAN_POINT('Ctrl Pts',(105.807071031287,-77.0131872327713,3.6));
#2928=CARTESIAN_POINT('Ctrl Pts',(104.597131636694,-78.2231270563193,3.6));
#2929=CARTESIAN_POINT('Ctrl Pts',(104.597131636694,-79.7119372327713,3.6));
#2930=CARTESIAN_POINT('',(107.295881636694,-77.0131872327713,2.8));
#2931=CARTESIAN_POINT('Ctrl Pts',(109.994631636694,-79.7119372327713,2.8));
#2932=CARTESIAN_POINT('Ctrl Pts',(109.994631636694,-79.7119372327713,3.6));
#2933=CARTESIAN_POINT('Ctrl Pts',(109.994631636694,-78.2231268418419,2.8));
#2934=CARTESIAN_POINT('Ctrl Pts',(109.994631636694,-78.2231268418419,3.6));
#2935=CARTESIAN_POINT('Ctrl Pts',(108.784692027623,-77.0131872327713,2.8));
#2936=CARTESIAN_POINT('Ctrl Pts',(108.784692027623,-77.0131872327713,3.6));
#2937=CARTESIAN_POINT('Ctrl Pts',(107.295881636694,-77.0131872327713,2.8));
#2938=CARTESIAN_POINT('Ctrl Pts',(107.295881636694,-77.0131872327713,3.6));
#2939=CARTESIAN_POINT('',(109.994631636694,-79.7119372327713,2.8));
#2940=CARTESIAN_POINT('Ctrl Pts',(107.295881636694,-77.0131872327713,2.8));
#2941=CARTESIAN_POINT('Ctrl Pts',(108.784692027623,-77.0131872327713,2.8));
#2942=CARTESIAN_POINT('Ctrl Pts',(109.994631636694,-78.2231268418419,2.8));
#2943=CARTESIAN_POINT('Ctrl Pts',(109.994631636694,-79.7119372327713,2.8));
#2944=CARTESIAN_POINT('',(109.994631636694,-79.7119372327713,3.6));
#2945=CARTESIAN_POINT('Ctrl Pts',(109.994631636694,-79.7119372327713,3.6));
#2946=CARTESIAN_POINT('Ctrl Pts',(109.994631636694,-78.2231268418419,3.6));
#2947=CARTESIAN_POINT('Ctrl Pts',(108.784692027623,-77.0131872327713,3.6));
#2948=CARTESIAN_POINT('Ctrl Pts',(107.295881636694,-77.0131872327713,3.6));
#2949=CARTESIAN_POINT('',(109.994631636694,-79.7119372327713,2.8));
#2950=CARTESIAN_POINT('Ctrl Pts',(107.295881636694,-82.4106872327713,2.8));
#2951=CARTESIAN_POINT('Ctrl Pts',(107.295881636694,-82.4106872327713,3.6));
#2952=CARTESIAN_POINT('Ctrl Pts',(108.784692027623,-82.4106872327713,2.8));
#2953=CARTESIAN_POINT('Ctrl Pts',(108.784692027623,-82.4106872327713,3.6));
#2954=CARTESIAN_POINT('Ctrl Pts',(109.994631636694,-81.2007474092233,2.8));
#2955=CARTESIAN_POINT('Ctrl Pts',(109.994631636694,-81.2007474092233,3.6));
#2956=CARTESIAN_POINT('Ctrl Pts',(109.994631636694,-79.7119372327713,2.8));
#2957=CARTESIAN_POINT('Ctrl Pts',(109.994631636694,-79.7119372327713,3.6));
#2958=CARTESIAN_POINT('',(107.295881636694,-82.4106872327713,2.8));
#2959=CARTESIAN_POINT('Ctrl Pts',(109.994631636694,-79.7119372327713,2.8));
#2960=CARTESIAN_POINT('Ctrl Pts',(109.994631636694,-81.2007474092233,2.8));
#2961=CARTESIAN_POINT('Ctrl Pts',(108.784692027623,-82.4106872327713,2.8));
#2962=CARTESIAN_POINT('Ctrl Pts',(107.295881636694,-82.4106872327713,2.8));
#2963=CARTESIAN_POINT('',(107.295881636694,-82.4106872327713,3.6));
#2964=CARTESIAN_POINT('Ctrl Pts',(107.295881636694,-82.4106872327713,3.6));
#2965=CARTESIAN_POINT('Ctrl Pts',(108.784692027623,-82.4106872327713,3.6));
#2966=CARTESIAN_POINT('Ctrl Pts',(109.994631636694,-81.2007474092233,3.6));
#2967=CARTESIAN_POINT('Ctrl Pts',(109.994631636694,-79.7119372327713,3.6));
#2968=CARTESIAN_POINT('',(107.295881636694,-82.4106872327713,2.8));
#2969=CARTESIAN_POINT('Ctrl Pts',(104.597131636694,-79.7119372327713,2.8));
#2970=CARTESIAN_POINT('Ctrl Pts',(104.597131636694,-79.7119372327713,3.6));
#2971=CARTESIAN_POINT('Ctrl Pts',(104.597131636694,-81.2007474092233,2.8));
#2972=CARTESIAN_POINT('Ctrl Pts',(104.597131636694,-81.2007474092233,3.6));
#2973=CARTESIAN_POINT('Ctrl Pts',(105.807071460242,-82.4106872327713,2.8));
#2974=CARTESIAN_POINT('Ctrl Pts',(105.807071460242,-82.4106872327713,3.6));
#2975=CARTESIAN_POINT('Ctrl Pts',(107.295881636694,-82.4106872327713,2.8));
#2976=CARTESIAN_POINT('Ctrl Pts',(107.295881636694,-82.4106872327713,3.6));
#2977=CARTESIAN_POINT('Ctrl Pts',(107.295881636694,-82.4106872327713,2.8));
#2978=CARTESIAN_POINT('Ctrl Pts',(105.807071460242,-82.4106872327713,2.8));
#2979=CARTESIAN_POINT('Ctrl Pts',(104.597131636694,-81.2007474092233,2.8));
#2980=CARTESIAN_POINT('Ctrl Pts',(104.597131636694,-79.7119372327713,2.8));
#2981=CARTESIAN_POINT('Ctrl Pts',(104.597131636694,-79.7119372327713,3.6));
#2982=CARTESIAN_POINT('Ctrl Pts',(104.597131636694,-81.2007474092233,3.6));
#2983=CARTESIAN_POINT('Ctrl Pts',(105.807071460242,-82.4106872327713,3.6));
#2984=CARTESIAN_POINT('Ctrl Pts',(107.295881636694,-82.4106872327713,3.6));
#2985=CARTESIAN_POINT('Origin',(107.295881636694,-79.7119372327713,3.6));
#2986=CARTESIAN_POINT('Origin',(107.295881636694,-79.7119372327713,2.8));
#2987=CARTESIAN_POINT('Ctrl Pts',(107.297984011682,-89.9250801722896,2.8));
#2988=CARTESIAN_POINT('Ctrl Pts',(107.297984011682,-89.9250801722896,3.6));
#2989=CARTESIAN_POINT('Ctrl Pts',(108.071890261682,-90.9234193897811,2.8));
#2990=CARTESIAN_POINT('Ctrl Pts',(108.071890261682,-90.9234193897811,3.6));
#2991=CARTESIAN_POINT('Ctrl Pts',(108.845796511682,-92.1964947872428,2.8));
#2992=CARTESIAN_POINT('Ctrl Pts',(108.845796511682,-92.1964947872428,3.6));
#2993=CARTESIAN_POINT('Ctrl Pts',(108.845796511682,-92.8814019956258,2.8));
#2994=CARTESIAN_POINT('Ctrl Pts',(108.845796511682,-92.8814019956258,3.6));
#2995=CARTESIAN_POINT('',(107.297984011682,-89.9250801722896,2.8));
#2996=CARTESIAN_POINT('',(108.845796511682,-92.8814019956258,2.8));
#2997=CARTESIAN_POINT('Ctrl Pts',(107.297984011682,-89.9250801722896,2.8));
#2998=CARTESIAN_POINT('Ctrl Pts',(108.071890261682,-90.9234193897811,2.8));
#2999=CARTESIAN_POINT('Ctrl Pts',(108.845796511682,-92.1964947872428,2.8));
#3000=CARTESIAN_POINT('Ctrl Pts',(108.845796511682,-92.8814019956258,2.8));
#3001=CARTESIAN_POINT('',(108.845796511682,-92.8814019956258,3.6));
#3002=CARTESIAN_POINT('',(108.845796511682,-92.8814019956258,2.8));
#3003=CARTESIAN_POINT('',(107.297984011682,-89.9250801722896,3.6));
#3004=CARTESIAN_POINT('Ctrl Pts',(107.297984011682,-89.9250801722896,3.6));
#3005=CARTESIAN_POINT('Ctrl Pts',(108.071890261682,-90.9234193897811,3.6));
#3006=CARTESIAN_POINT('Ctrl Pts',(108.845796511682,-92.1964947872428,3.6));
#3007=CARTESIAN_POINT('Ctrl Pts',(108.845796511682,-92.8814019956258,3.6));
#3008=CARTESIAN_POINT('',(107.297984011682,-89.9250801722896,2.8));
#3009=CARTESIAN_POINT('Ctrl Pts',(105.750171511682,-92.8814019956258,2.8));
#3010=CARTESIAN_POINT('Ctrl Pts',(105.750171511682,-92.8814019956258,3.6));
#3011=CARTESIAN_POINT('Ctrl Pts',(105.750171511682,-92.1964947872428,2.8));
#3012=CARTESIAN_POINT('Ctrl Pts',(105.750171511682,-92.1964947872428,3.6));
#3013=CARTESIAN_POINT('Ctrl Pts',(106.524077761681,-90.9234193897811,2.8));
#3014=CARTESIAN_POINT('Ctrl Pts',(106.524077761681,-90.9234193897811,3.6));
#3015=CARTESIAN_POINT('Ctrl Pts',(107.297984011682,-89.9250801722896,2.8));
#3016=CARTESIAN_POINT('Ctrl Pts',(107.297984011682,-89.9250801722896,3.6));
#3017=CARTESIAN_POINT('',(105.750171511682,-92.8814019956258,2.8));
#3018=CARTESIAN_POINT('Ctrl Pts',(105.750171511682,-92.8814019956258,2.8));
#3019=CARTESIAN_POINT('Ctrl Pts',(105.750171511682,-92.1964947872428,2.8));
#3020=CARTESIAN_POINT('Ctrl Pts',(106.524077761681,-90.9234193897811,2.8));
#3021=CARTESIAN_POINT('Ctrl Pts',(107.297984011682,-89.9250801722896,2.8));
#3022=CARTESIAN_POINT('',(105.750171511682,-92.8814019956258,3.6));
#3023=CARTESIAN_POINT('Ctrl Pts',(105.750171511682,-92.8814019956258,3.6));
#3024=CARTESIAN_POINT('Ctrl Pts',(105.750171511682,-92.1964947872428,3.6));
#3025=CARTESIAN_POINT('Ctrl Pts',(106.524077761681,-90.9234193897811,3.6));
#3026=CARTESIAN_POINT('Ctrl Pts',(107.297984011682,-89.9250801722896,3.6));
#3027=CARTESIAN_POINT('',(105.750171511682,-92.8814019956258,2.8));
#3028=CARTESIAN_POINT('Origin',(107.297984011682,-92.8814019956258,2.8));
#3029=CARTESIAN_POINT('Origin',(107.297984011682,-92.8814019956258,2.8));
#3030=CARTESIAN_POINT('Origin',(107.297984011682,-92.8814019956258,3.6));
#3031=CARTESIAN_POINT('Origin',(107.297984011682,-92.8814019956258,2.8));
#3032=CARTESIAN_POINT('',(109.619702761682,-92.8814019956258,2.8));
#3033=CARTESIAN_POINT('',(104.976265261681,-92.8814019956258,2.8));
#3034=CARTESIAN_POINT('Origin',(107.297984011682,-92.8814019956258,2.8));
#3035=CARTESIAN_POINT('',(109.619702761682,-92.8814019956258,3.6));
#3036=CARTESIAN_POINT('',(109.619702761682,-92.8814019956258,2.8));
#3037=CARTESIAN_POINT('',(104.976265261681,-92.8814019956258,3.6));
#3038=CARTESIAN_POINT('Origin',(107.297984011682,-92.8814019956258,3.6));
#3039=CARTESIAN_POINT('',(104.976265261681,-92.8814019956258,2.8));
#3040=CARTESIAN_POINT('Ctrl Pts',(107.297984011682,-88.7023082640772,2.8));
#3041=CARTESIAN_POINT('Ctrl Pts',(107.297984011682,-88.7023082640772,3.6));
#3042=CARTESIAN_POINT('Ctrl Pts',(104.976265261682,-91.3335894956258,2.8));
#3043=CARTESIAN_POINT('Ctrl Pts',(104.976265261682,-91.3335894956258,3.6));
#3044=CARTESIAN_POINT('Ctrl Pts',(104.976265261682,-92.8814019956258,2.8));
#3045=CARTESIAN_POINT('Ctrl Pts',(104.976265261682,-92.8814019956258,3.6));
#3046=CARTESIAN_POINT('',(107.297984011682,-88.7023082640772,2.8));
#3047=CARTESIAN_POINT('Ctrl Pts',(107.297984011682,-88.7023082640772,2.8));
#3048=CARTESIAN_POINT('Ctrl Pts',(104.976265261682,-91.3335894956258,2.8));
#3049=CARTESIAN_POINT('Ctrl Pts',(104.976265261682,-92.8814019956258,2.8));
#3050=CARTESIAN_POINT('',(107.297984011682,-88.7023082640772,3.6));
#3051=CARTESIAN_POINT('Ctrl Pts',(107.297984011682,-88.7023082640772,3.6));
#3052=CARTESIAN_POINT('Ctrl Pts',(104.976265261682,-91.3335894956258,3.6));
#3053=CARTESIAN_POINT('Ctrl Pts',(104.976265261682,-92.8814019956258,3.6));
#3054=CARTESIAN_POINT('',(107.297984011682,-88.7023082640772,2.8));
#3055=CARTESIAN_POINT('Ctrl Pts',(109.619702761682,-92.8814019956258,2.8));
#3056=CARTESIAN_POINT('Ctrl Pts',(109.619702761682,-92.8814019956258,3.6));
#3057=CARTESIAN_POINT('Ctrl Pts',(109.619702761682,-91.3335894956258,2.8));
#3058=CARTESIAN_POINT('Ctrl Pts',(109.619702761682,-91.3335894956258,3.6));
#3059=CARTESIAN_POINT('Ctrl Pts',(107.297984011682,-88.7023082640772,2.8));
#3060=CARTESIAN_POINT('Ctrl Pts',(107.297984011682,-88.7023082640772,3.6));
#3061=CARTESIAN_POINT('Ctrl Pts',(109.619702761682,-92.8814019956258,2.8));
#3062=CARTESIAN_POINT('Ctrl Pts',(109.619702761682,-91.3335894956258,2.8));
#3063=CARTESIAN_POINT('Ctrl Pts',(107.297984011682,-88.7023082640772,2.8));
#3064=CARTESIAN_POINT('Ctrl Pts',(109.619702761682,-92.8814019956258,3.6));
#3065=CARTESIAN_POINT('Ctrl Pts',(109.619702761682,-91.3335894956258,3.6));
#3066=CARTESIAN_POINT('Ctrl Pts',(107.297984011682,-88.7023082640772,3.6));
#3067=CARTESIAN_POINT('Origin',(107.297984011682,-91.9527145048515,3.6));
#3068=CARTESIAN_POINT('Origin',(107.297984011682,-91.9527145048515,2.8));
#3069=UNCERTAINTY_MEASURE_WITH_UNIT(LENGTH_MEASURE(0.01),#3073,
'DISTANCE_ACCURACY_VALUE',
'Maximum model space distance between geometric entities at asserted c
onnectivities');
#3070=UNCERTAINTY_MEASURE_WITH_UNIT(LENGTH_MEASURE(0.01),#3073,
'DISTANCE_ACCURACY_VALUE',
'Maximum model space distance between geometric entities at asserted c
onnectivities');
#3071=(
GEOMETRIC_REPRESENTATION_CONTEXT(3)
GLOBAL_UNCERTAINTY_ASSIGNED_CONTEXT((#3069))
GLOBAL_UNIT_ASSIGNED_CONTEXT((#3073,#3074,#3075))
REPRESENTATION_CONTEXT('','3D')
);
#3072=(
GEOMETRIC_REPRESENTATION_CONTEXT(3)
GLOBAL_UNCERTAINTY_ASSIGNED_CONTEXT((#3070))
GLOBAL_UNIT_ASSIGNED_CONTEXT((#3073,#3074,#3075))
REPRESENTATION_CONTEXT('','3D')
);
#3073=(
LENGTH_UNIT()
NAMED_UNIT(*)
SI_UNIT(.MILLI.,.METRE.)
);
#3074=(
NAMED_UNIT(*)
PLANE_ANGLE_UNIT()
SI_UNIT($,.RADIAN.)
);
#3075=(
NAMED_UNIT(*)
SI_UNIT($,.STERADIAN.)
SOLID_ANGLE_UNIT()
);
#3076=SHAPE_DEFINITION_REPRESENTATION(#3077,#3078);
#3077=PRODUCT_DEFINITION_SHAPE('',$,#3080);
#3078=SHAPE_REPRESENTATION('',(#1705),#3071);
#3079=PRODUCT_DEFINITION_CONTEXT('part definition',#3084,'design');
#3080=PRODUCT_DEFINITION('2026-02-24-04-06-35-717',
'esphome-sensor-pcb-cover',#3081,#3079);
#3081=PRODUCT_DEFINITION_FORMATION('',$,#3086);
#3082=PRODUCT_RELATED_PRODUCT_CATEGORY('esphome-sensor-pcb-cover',
'esphome-sensor-pcb-cover',(#3086));
#3083=APPLICATION_PROTOCOL_DEFINITION('international standard',
'automotive_design',2009,#3084);
#3084=APPLICATION_CONTEXT(
'Core Data for Automotive Mechanical Design Process');
#3085=PRODUCT_CONTEXT('part definition',#3084,'mechanical');
#3086=PRODUCT('2026-02-24-04-06-35-717','esphome-sensor-pcb-cover',
'KiCad electronic assembly',(#3085));
#3087=PRESENTATION_STYLE_ASSIGNMENT((#3088));
#3088=SURFACE_STYLE_USAGE(.BOTH.,#3089);
#3089=SURFACE_SIDE_STYLE('',(#3090));
#3090=SURFACE_STYLE_FILL_AREA(#3091);
#3091=FILL_AREA_STYLE('Steel - Satin',(#3092));
#3092=FILL_AREA_STYLE_COLOUR('Steel - Satin',#3093);
#3093=COLOUR_RGB('Steel - Satin',0.627450980392157,0.627450980392157,0.627450980392157);
ENDSEC;
END-ISO-10303-21;
